ordem,cidade,lat,lon,km_acumulado
1,"Belém/PA",-1.455400,-48.489800,0.0
2,"Ananindeua/PA",-1.363910,-48.374300,16.4
3,"Marituba/PA",-1.360020,-48.342100,20.0
4,"Benevides/PA",-1.361830,-48.243400,31.0
5,"Santa Izabel do Pará/PA",-1.296860,-48.160600,42.7
6,"Santa Bárbara do Pará/PA",-1.192190,-48.238000,57.1
7,"Santo Antônio do Tauá/PA",-1.152200,-48.131400,69.8
8,"Colares/PA",-0.936423,-48.280300,98.9
9,"Salvaterra/PA",-0.758444,-48.513900,131.6
10,"Soure/PA",-0.730320,-48.501500,135.0
11,"Vigia/PA",-0.861194,-48.138600,177.9
12,"São Caetano de Odivelas/PA",-0.747293,-48.024600,195.8
13,"São João da Ponta/PA",-0.857885,-47.918000,212.9
14,"Curuçá/PA",-0.733214,-47.851500,228.6
15,"Marapanim/PA",-0.714702,-47.703400,245.2
16,"Magalhães Barata/PA",-0.803391,-47.601400,260.2
17,"Santarém Novo/PA",-0.930970,-47.385500,288.1
18,"Maracanã/PA",-0.778899,-47.452000,306.6
19,"Salinópolis/PA",-0.630815,-47.346500,326.8
20,"São João de Pirabas/PA",-0.780222,-47.181000,351.6
21,"Primavera/PA",-0.945439,-47.125300,371.0
22,"Quatipuru/PA",-0.899604,-47.013400,384.4
23,"Tracuateua/PA",-1.076530,-46.903100,407.6
24,"Bragança/PA",-1.061260,-46.782600,421.1
25,"Augusto Corrêa/PA",-1.051090,-46.614700,439.8
26,"Viseu/PA",-1.191240,-46.139900,494.8
27,"Carutapera/MA",-1.196960,-46.008500,509.5
28,"Luís Domingues/MA",-1.274920,-45.867000,527.4
29,"Godofredo Viana/MA",-1.402590,-45.779500,544.6
30,"Cândido Mendes/MA",-1.432650,-45.716100,552.4
31,"Turiaçu/MA",-1.658930,-45.379800,597.5
32,"Apicum-Açu/MA",-1.458620,-45.086400,637.0
33,"Bacuri/MA",-1.696500,-45.132800,663.9
34,"Serrano do Maranhão/MA",-1.852290,-45.120700,681.3
35,"Turilândia/MA",-2.216380,-45.304400,726.7
36,"Santa Helena/MA",-2.244260,-45.290000,730.1
37,"Pinheiro/MA",-2.522240,-45.078800,768.9
38,"Presidente Sarney/MA",-2.587990,-45.359500,801.0
39,"Pedro do Rosário/MA",-2.972720,-45.349300,843.8
40,"Penalva/MA",-3.276740,-45.176800,882.6
41,"Monção/MA",-3.481250,-45.249600,906.8
42,"Pindaré-Mirim/MA",-3.609850,-45.342000,924.4
43,"Santa Inês/MA",-3.651120,-45.377400,930.4
44,"Bela Vista do Maranhão/MA",-3.726180,-45.307500,941.8
45,"Igarapé do Meio/MA",-3.657710,-45.211400,954.9
46,"Pio XII/MA",-3.893150,-45.175900,981.4
47,"Conceição do Lago-Açu/MA",-3.851420,-44.889500,1013.5
48,"Lago Verde/MA",-3.946610,-44.826000,1026.2
49,"Bacabal/MA",-4.224470,-44.783200,1057.4
50,"São Luís Gonzaga do Maranhão/MA",-4.385410,-44.665400,1079.6
51,"Trizidela do Vale/MA",-4.538000,-44.628000,1097.1
52,"Pedreiras/MA",-4.564820,-44.600600,1101.3
53,"Lima Campos/MA",-4.518370,-44.464600,1117.3
54,"Capinzal do Norte/MA",-4.723600,-44.328000,1144.6
55,"Santo Antônio dos Lopes/MA",-4.866130,-44.365300,1161.0
56,"Dom Pedro/MA",-5.035180,-44.440900,1181.6
57,"Gonçalves Dias/MA",-5.147500,-44.301300,1201.5
58,"Governador Archer/MA",-5.020780,-44.275400,1215.9
59,"São João do Soter/MA",-5.108210,-43.816300,1267.6
60,"Senador Alexandre Costa/MA",-5.250960,-44.053300,1298.3
61,"Governador Luiz Rocha/MA",-5.478350,-44.077400,1323.7
62,"Governador Eugênio Barros/MA",-5.318970,-44.246900,1349.5
63,"Graça Aranha/MA",-5.405470,-44.335800,1363.3
64,"São Domingos do Maranhão/MA",-5.580950,-44.382200,1383.5
65,"Santa Filomena do Maranhão/MA",-5.496710,-44.563800,1405.7
66,"Presidente Dutra/MA",-5.289800,-44.495000,1429.9
67,"Tuntum/MA",-5.254760,-44.644400,1446.9
68,"São José dos Basílios/MA",-5.054930,-44.580900,1470.2
69,"Joselândia/MA",-4.986110,-44.695800,1485.0
70,"Esperantinópolis/MA",-4.879380,-44.692600,1496.9
71,"Bernardo do Mearim/MA",-4.626660,-44.760800,1526.0
72,"Igarapé Grande/MA",-4.662500,-44.855800,1537.3
73,"Poção de Pedras/MA",-4.746260,-44.943200,1550.7
74,"Lago dos Rodrigues/MA",-4.611730,-44.979800,1566.2
75,"Lago do Junco/MA",-4.609000,-45.049000,1573.9
76,"Lago da Pedra/MA",-4.569740,-45.131900,1584.1
77,"Bom Lugar/MA",-4.373110,-45.032600,1608.5
78,"Paulo Ramos/MA",-4.444850,-45.239800,1632.9
79,"Vitorino Freire/MA",-4.281840,-45.250500,1651.0
80,"Olho d'Água das Cunhãs/MA",-4.134170,-45.116300,1673.2
81,"Satubinha/MA",-4.049130,-45.245700,1690.4
82,"Altamira do Maranhão/MA",-4.165980,-45.470600,1718.5
83,"Santa Luzia/MA",-4.068730,-45.690000,1745.1
84,"Brejo de Areia/MA",-4.334000,-45.581000,1777.0
85,"Marajá do Sena/MA",-4.628060,-45.453100,1812.6
86,"Lagoa Grande do Maranhão/MA",-4.988930,-45.381600,1853.5
87,"São Roberto/MA",-5.023100,-45.001000,1895.9
88,"São Raimundo do Doca Bezerra/MA",-5.110530,-45.069600,1908.2
89,"Barra do Corda/MA",-5.496820,-45.248500,1955.5
90,"Fernando Falcão/MA",-6.162070,-44.897900,2039.0
91,"Mirador/MA",-6.374540,-44.368300,2102.2
92,"Colinas/MA",-6.031990,-44.254300,2142.3
93,"Jatobá/MA",-5.822820,-44.215300,2165.9
94,"Fortuna/MA",-5.727920,-44.156500,2178.3
95,"Buriti Bravo/MA",-5.832390,-43.835300,2215.7
96,"Lagoa do Mato/MA",-6.050230,-43.533300,2257.0
97,"Passagem Franca/MA",-6.177450,-43.775500,2287.3
98,"Sucupira do Riachão/MA",-6.408580,-43.545500,2323.4
99,"São João dos Patos/MA",-6.493400,-43.703600,2343.3
100,"Paraibano/MA",-6.426400,-43.979200,2374.6
101,"Sucupira do Norte/MA",-6.478390,-44.191900,2398.8
102,"Pastos Bons/MA",-6.602960,-44.074500,2417.8
103,"Nova Iorque/MA",-6.730470,-44.047100,2432.3
104,"Porto Alegre do Piauí/PI",-6.964230,-44.183700,2462.3
105,"Antônio Almeida/PI",-7.212760,-44.188900,2490.0
106,"Uruçuí/PI",-7.239440,-44.557700,2530.8
107,"Benedito Leite/MA",-7.210370,-44.557700,2534.0
108,"São Domingos do Azeitão/MA",-6.814710,-44.650900,2579.2
109,"São Félix de Balsas/MA",-7.075350,-44.809200,2613.0
110,"Loreto/MA",-7.081110,-45.145100,2650.1
111,"São Raimundo das Mangabeiras/MA",-7.021830,-45.480900,2687.7
112,"Sambaíba/MA",-7.134470,-45.351500,2706.7
113,"Ribeiro Gonçalves/PI",-7.556510,-45.244700,2755.1
114,"Baixa Grande do Ribeiro/PI",-7.849030,-45.219000,2787.8
115,"Tasso Fragoso/MA",-8.466200,-45.753600,2878.2
116,"Santa Filomena/PI",-9.112280,-45.911600,2952.1
117,"Alto Parnaíba/MA",-9.102730,-45.930300,2954.4
118,"Lizarda/TO",-9.590020,-46.673800,3052.3
119,"São Félix do Tocantins/TO",-10.161500,-46.661800,3115.9
120,"Mateiros/TO",-10.546400,-46.416800,3166.4
121,"Barreiras do Piauí/PI",-9.929600,-45.470200,3290.6
122,"Gilbués/PI",-9.830010,-45.342300,3308.5
123,"Monte Alegre do Piauí/PI",-9.753640,-45.303700,3317.9
124,"São Gonçalo do Gurguéia/PI",-10.031900,-45.309200,3348.9
125,"Riacho Frio/PI",-10.124400,-44.950300,3389.5
126,"Parnaguá/PI",-10.216600,-44.630000,3426.0
127,"Curimatá/PI",-10.032600,-44.300200,3467.5
128,"Júlio Borges/PI",-10.322500,-44.238100,3500.5
129,"Avelino Lopes/PI",-10.134500,-43.956300,3537.7
130,"Morro Cabeça no Tempo/PI",-9.718910,-43.907200,3584.2
131,"Guaribas/PI",-9.386470,-43.694300,3628.0
132,"Redenção do Gurguéia/PI",-9.479370,-44.581100,3725.8
133,"Bom Jesus/PI",-9.071240,-44.359000,3777.3
134,"Currais/PI",-9.011750,-44.406200,3785.7
135,"Santa Luz/PI",-8.948800,-44.129600,3816.9
136,"Cristino Castro/PI",-8.822730,-44.223000,3834.2
137,"Palmeira do Piauí/PI",-8.730760,-44.246600,3844.8
138,"Alvorada do Gurguéia/PI",-8.424180,-43.777000,3906.7
139,"Colônia do Gurguéia/PI",-8.183700,-43.794000,3933.5
140,"Eliseu Martins/PI",-8.096290,-43.670500,3950.2
141,"Manoel Emídio/PI",-8.012340,-43.875500,3974.6
142,"Canavieira/PI",-7.688210,-43.723300,4014.4
143,"Bertolínia/PI",-7.633380,-43.949800,4040.1
144,"Sebastião Leal/PI",-7.568030,-44.060000,4054.2
145,"Landri Sales/PI",-7.259220,-43.936400,4091.2
146,"Marcos Parente/PI",-7.115650,-43.892600,4107.8
147,"Jerumenha/PI",-7.091280,-43.503300,4150.9
148,"Guadalupe/PI",-6.782850,-43.559400,4185.7
149,"Barão de Grajaú/MA",-6.744630,-43.026100,4244.8
150,"Floriano/PI",-6.771820,-43.024100,4247.8
151,"Nazaré do Piauí/PI",-6.970230,-42.677300,4292.0
152,"Francisco Ayres/PI",-6.626060,-42.688100,4330.3
153,"Arraial/PI",-6.650750,-42.541800,4346.7
154,"Cajazeiras do Piauí/PI",-6.796670,-42.390300,4370.0
155,"Santa Rosa do Piauí/PI",-6.795810,-42.281400,4382.0
156,"Tanque do Piauí/PI",-6.597870,-42.279500,4404.0
157,"Várzea Grande/PI",-6.548990,-42.248000,4410.5
158,"Barra D'Alcântara/PI",-6.516450,-42.114600,4425.6
159,"Francinópolis/PI",-6.393340,-42.259100,4446.7
160,"Elesbão Veloso/PI",-6.199470,-42.135500,4472.2
161,"Novo Oriente do Piauí/PI",-6.449010,-41.926100,4508.3
162,"Valença do Piauí/PI",-6.403010,-41.737500,4529.8
163,"Aroazes/PI",-6.110220,-41.782200,4562.7
164,"Pimenteiras/PI",-6.238390,-41.411300,4606.1
165,"Lagoa do Sítio/PI",-6.507660,-41.565300,4640.6
166,"Inhuma/PI",-6.665000,-41.704100,4663.8
167,"Ipiranga do Piauí/PI",-6.824210,-41.738100,4681.9
168,"São João da Varjota/PI",-6.940820,-41.888900,4703.0
169,"Oeiras/PI",-7.019150,-42.128300,4730.8
170,"Colônia do Piauí/PI",-7.226510,-42.175600,4754.5
171,"São Francisco do Piauí/PI",-7.246300,-42.541000,4794.8
172,"São José do Peixe/PI",-7.485540,-42.567200,4821.6
173,"São Miguel do Fidalgo/PI",-7.597130,-42.367600,4846.9
174,"Paes Landim/PI",-7.773750,-42.247400,4870.6
175,"Socorro do Piauí/PI",-7.867730,-42.492200,4899.5
176,"Ribeira do Piauí/PI",-7.690280,-42.712800,4930.8
177,"Pajeú do Piauí/PI",-7.855080,-42.824800,4952.9
178,"Flores do Piauí/PI",-7.787930,-42.918000,4965.6
179,"Itaueira/PI",-7.599890,-43.024900,4989.6
180,"Rio Grande do Piauí/PI",-7.780290,-43.136900,5013.1
181,"Pavussu/PI",-7.960590,-43.228400,5035.6
182,"Canto do Buriti/PI",-8.111100,-42.951700,5070.3
183,"Brejo do Piauí/PI",-8.203140,-42.822900,5087.8
184,"Tamboril do Piauí/PI",-8.409370,-42.921100,5113.1
185,"São Braz do Piauí/PI",-9.057970,-43.007600,5185.9
186,"Bonfim do Piauí/PI",-9.160500,-42.886500,5203.4
187,"Várzea Branca/PI",-9.238000,-42.969200,5215.9
188,"Anísio de Abreu/PI",-9.185640,-43.049400,5226.5
189,"Jurema/PI",-9.219920,-43.133700,5236.5
190,"Caracol/PI",-9.279330,-43.329000,5258.9
191,"Campo Alegre de Lourdes/BA",-9.522210,-43.012600,5302.9
192,"Fartura do Piauí/PI",-9.483420,-42.791200,5327.6
193,"Pilão Arcado/BA",-10.005100,-42.493600,5394.1
194,"Sento Sé/BA",-9.741380,-41.878600,5467.6
195,"Remanso/BA",-9.619440,-42.084800,5493.9
196,"Dom Inocêncio/PI",-9.005160,-41.969700,5563.4
197,"Dirceu Arcoverde/PI",-9.339390,-42.434800,5626.6
198,"São Lourenço do Piauí/PI",-9.164630,-42.549600,5649.7
199,"São Raimundo Nonato/PI",-9.012410,-42.698700,5673.3
200,"Coronel José Dias/PI",-8.813970,-42.523200,5702.6
201,"João Costa/PI",-8.507360,-42.426400,5738.3
202,"São João do Piauí/PI",-8.354660,-42.255900,5763.6
203,"Pedro Laurentino/PI",-8.068070,-42.284700,5795.6
204,"Nova Santa Rita/PI",-8.097070,-42.047100,5822.0
205,"Bela Vista do Piauí/PI",-7.988090,-41.867500,5845.1
206,"Simplício Mendes/PI",-7.852940,-41.907500,5860.8
207,"Campinas do Piauí/PI",-7.659300,-41.877500,5882.6
208,"Floresta do Piauí/PI",-7.466820,-41.788300,5906.1
209,"Santo Inácio do Piauí/PI",-7.420720,-41.906300,5920.1
210,"Wall Ferraz/PI",-7.231510,-41.905000,5941.2
211,"Santa Cruz do Piauí/PI",-7.178500,-41.760900,5958.1
212,"Paquetá/PI",-7.103030,-41.700000,5968.9
213,"Dom Expedito Lopes/PI",-6.953320,-41.639600,5986.8
214,"Santana do Piauí/PI",-6.946960,-41.517800,6000.3
215,"São José do Piauí/PI",-6.871940,-41.473100,6010.0
216,"São João da Canabrava/PI",-6.812030,-41.341500,6025.9
217,"São Luis do Piauí/PI",-6.819360,-41.317500,6028.7
218,"Bocaina/PI",-6.941240,-41.316800,6042.3
219,"Santo Antônio de Lisboa/PI",-6.986760,-41.225200,6053.6
220,"Francisco Santos/PI",-6.994910,-41.128800,6064.3
221,"Monsenhor Hipólito/PI",-6.992750,-41.026000,6075.6
222,"Alagoinha do Piauí/PI",-7.000390,-40.928200,6086.4
223,"Campo Grande do Piauí/PI",-7.128270,-41.031500,6104.7
224,"Vila Nova do Piauí/PI",-7.132720,-40.934500,6115.4
225,"São Julião/PI",-7.083910,-40.824600,6128.7
226,"Fronteiras/PI",-7.081730,-40.614600,6151.8
227,"Pio IX/PI",-6.830020,-40.608300,6179.8
228,"Parambu/CE",-6.207680,-40.690500,6249.6
229,"Quiterianópolis/CE",-5.842500,-40.700200,6290.2
230,"Assunção do Piauí/PI",-5.865000,-41.038900,6327.8
231,"Novo Oriente/CE",-5.525520,-40.771300,6375.8
232,"Buriti dos Montes/PI",-5.305840,-41.093300,6419.0
233,"São Miguel do Tapuio/PI",-5.497290,-41.316500,6451.6
234,"Castelo do Piauí/PI",-5.318690,-41.549900,6484.2
235,"Juazeiro do Piauí/PI",-5.174590,-41.697600,6507.1
236,"Novo Santo Antônio/PI",-5.287490,-41.932500,6536.0
237,"São João da Serra/PI",-5.510810,-41.892300,6561.2
238,"Santa Cruz dos Milagres/PI",-5.805810,-41.950600,6594.6
239,"São Félix do Piauí/PI",-5.934850,-42.117200,6618.0
240,"São Miguel da Baixa Grande/PI",-5.856460,-42.193400,6630.1
241,"Prata do Piauí/PI",-5.672650,-42.204600,6650.6
242,"Beneditinos/PI",-5.456760,-42.363800,6680.3
243,"Pau D'Arco do Piauí/PI",-5.260720,-42.390800,6702.3
244,"Alto Longá/PI",-5.256340,-42.209600,6722.4
245,"Coivaras/PI",-5.092240,-42.208000,6740.7
246,"Altos/PI",-5.038880,-42.461200,6769.3
247,"José de Freitas/PI",-4.751460,-42.574600,6803.7
248,"Lagoa Alegre/PI",-4.515390,-42.630900,6830.7
249,"União/PI",-4.585710,-42.858300,6857.0
250,"Teresina/PI",-5.091940,-42.803400,6913.7
251,"Timon/MA",-5.097690,-42.832900,6917.0
252,"Nazária/PI",-5.351280,-42.815300,6945.3
253,"Demerval Lobão/PI",-5.358750,-42.677600,6960.5
254,"Lagoa do Piauí/PI",-5.418640,-42.643700,6968.2
255,"Monsenhor Gil/PI",-5.562000,-42.607500,6984.6
256,"Curralinhos/PI",-5.608250,-42.837600,7010.6
257,"Miguel Leão/PI",-5.680770,-42.743600,7023.7
258,"Agricolândia/PI",-5.796760,-42.666400,7039.2
259,"Lagoinha do Piauí/PI",-5.830740,-42.622300,7045.4
260,"Olho D'Água do Piauí/PI",-5.841250,-42.559400,7052.4
261,"Barro Duro/PI",-5.816730,-42.514700,7058.1
262,"Passagem Franca do Piauí/PI",-5.860360,-42.443600,7067.3
263,"Hugo Napoleão/PI",-5.988600,-42.559800,7086.5
264,"Água Branca/PI",-5.888560,-42.637000,7100.5
265,"São Pedro do Piauí/PI",-5.920780,-42.719200,7110.3
266,"São Gonçalo do Piauí/PI",-5.993930,-42.709500,7118.5
267,"Santo Antônio dos Milagres/PI",-6.046470,-42.712300,7124.4
268,"Angical do Piauí/PI",-6.087860,-42.740000,7129.9
269,"Jardim do Mulato/PI",-6.099000,-42.630000,7142.1
270,"Regeneração/PI",-6.231150,-42.684200,7158.0
271,"Amarante/PI",-6.243040,-42.843300,7175.6
272,"São Francisco do Maranhão/MA",-6.251590,-42.866800,7178.4
273,"Palmeirais/PI",-5.970860,-43.056000,7216.0
274,"Parnarama/MA",-5.673650,-43.101100,7249.4
275,"Matões/MA",-5.513590,-43.201800,7270.4
276,"Caxias/MA",-4.865050,-43.361700,7344.7
277,"Aldeias Altas/MA",-4.626210,-43.468900,7373.7
278,"Codó/MA",-4.455620,-43.892400,7424.4
279,"Timbiras/MA",-4.255970,-43.932000,7447.0
280,"Coroatá/MA",-4.134420,-44.124400,7472.3
281,"Peritoró/MA",-4.374590,-44.336900,7507.9
282,"Alto Alegre do Maranhão/MA",-4.213000,-44.446000,7529.5
283,"São Mateus do Maranhão/MA",-4.037360,-44.470700,7549.3
284,"Pirapemas/MA",-3.720410,-44.221600,7594.0
285,"Cantanhede/MA",-3.637570,-44.383000,7614.2
286,"Matões do Norte/MA",-3.624400,-44.546800,7632.4
287,"Miranda do Norte/MA",-3.563130,-44.581400,7640.2
288,"Anajatuba/MA",-3.262690,-44.612600,7673.8
289,"Arari/MA",-3.452140,-44.766500,7701.0
290,"Vitória do Mearim/MA",-3.451250,-44.864300,7711.8
291,"Cajari/MA",-3.327420,-45.014500,7733.4
292,"Viana/MA",-3.204510,-44.991200,7747.3
293,"Matinha/MA",-3.098490,-45.035000,7760.1
294,"Olinda Nova do Maranhão/MA",-2.992950,-44.989700,7772.9
295,"São Vicente Ferrer/MA",-2.894870,-44.868100,7790.2
296,"São João Batista/MA",-2.953980,-44.795300,7800.6
297,"Cajapió/MA",-2.873260,-44.674100,7816.8
298,"Bacurituba/MA",-2.710000,-44.732900,7836.1
299,"São Bento/MA",-2.697810,-44.828900,7846.9
300,"Palmeirândia/MA",-2.644330,-44.893300,7856.2
301,"Peri Mirim/MA",-2.576760,-44.850400,7865.1
302,"Bequimão/MA",-2.441620,-44.784200,7881.8
303,"Central do Maranhão/MA",-2.198310,-44.825400,7909.2
304,"Mirinzal/MA",-2.070940,-44.778700,7924.3
305,"Cururupu/MA",-1.814750,-44.864400,7954.3
306,"Porto Rico do Maranhão/MA",-1.859250,-44.584200,7985.9
307,"Cedral/MA",-2.000270,-44.528100,8002.8
308,"Guimarães/MA",-2.127550,-44.602000,8019.1
309,"Alcântara/MA",-2.395740,-44.406200,8056.0
310,"São Luís/MA",-2.538740,-44.282500,8077.0
311,"Raposa/MA",-2.425400,-44.097300,8101.2
312,"Paço do Lumiar/MA",-2.516570,-44.101900,8111.3
313,"São José de Ribamar/MA",-2.547040,-44.059700,8117.1
314,"Icatu/MA",-2.772060,-44.050100,8142.1
315,"Axixá/MA",-2.839390,-44.062000,8149.8
316,"Morros/MA",-2.853790,-44.035700,8153.1
317,"Cachoeira Grande/MA",-2.930740,-44.052800,8161.8
318,"Presidente Juscelino/MA",-2.918720,-44.071500,8164.3
319,"Rosário/MA",-2.934440,-44.253100,8184.6
320,"Bacabeira/MA",-2.964520,-44.316400,8192.3
321,"Santa Rita/MA",-3.142410,-44.321100,8212.1
322,"Itapecuru Mirim/MA",-3.402020,-44.350800,8241.2
323,"Presidente Vargas/MA",-3.407870,-44.023400,8277.5
324,"Nina Rodrigues/MA",-3.467880,-43.913400,8291.4
325,"Vargem Grande/MA",-3.536390,-43.917000,8299.1
326,"São Benedito do Rio Preto/MA",-3.335150,-43.528700,8347.6
327,"Urbano Santos/MA",-3.206420,-43.387800,8368.8
328,"Belágua/MA",-3.154850,-43.512200,8383.8
329,"Humberto de Campos/MA",-2.598280,-43.464900,8445.9
330,"Primeira Cruz/MA",-2.505680,-43.423200,8457.2
331,"Santo Amaro do Maranhão/MA",-2.500680,-43.238000,8477.8
332,"Barreirinhas/MA",-2.758630,-42.823200,8532.1
333,"Paulino Neves/MA",-2.720940,-42.525800,8565.3
334,"Tutóia/MA",-2.761410,-42.275500,8593.5
335,"Água Doce do Maranhão/MA",-2.840480,-42.118900,8613.0
336,"Araioses/MA",-2.890910,-41.905000,8637.4
337,"Ilha Grande/PI",-2.857740,-41.818600,8647.7
338,"Parnaíba/PI",-2.905850,-41.775400,8654.9
339,"Luís Correia/PI",-2.884380,-41.664100,8667.5
340,"Cajueiro da Praia/PI",-2.931110,-41.340800,8703.7
341,"Barroquinha/CE",-3.020510,-41.135800,8728.6
342,"Chaval/CE",-3.035710,-41.243500,8740.7
343,"Bom Princípio do Piauí/PI",-3.196310,-41.640300,8788.2
344,"Buriti dos Lopes/PI",-3.182590,-41.869500,8813.7
345,"Murici dos Portelas/PI",-3.319000,-42.094000,8842.9
346,"Joaquim Pires/PI",-3.501640,-42.186500,8865.6
347,"Magalhães de Almeida/MA",-3.392320,-42.211700,8878.1
348,"Santana do Maranhão/MA",-3.109000,-42.406400,8916.3
349,"São Bernardo/MA",-3.372230,-42.419100,8945.6
350,"Luzilândia/PI",-3.468300,-42.371800,8957.5
351,"Joca Marques/PI",-3.480400,-42.425500,8963.6
352,"Madeiro/PI",-3.486240,-42.498100,8971.7
353,"Santa Quitéria do Maranhão/MA",-3.493080,-42.568800,8979.6
354,"Milagres do Maranhão/MA",-3.574430,-42.613100,8989.9
355,"Brejo/MA",-3.677960,-42.752700,9009.2
356,"Anapurus/MA",-3.675770,-43.101400,9047.9
357,"Mata Roma/MA",-3.620350,-43.111200,9054.1
358,"Chapadinha/MA",-3.738750,-43.353800,9084.1
359,"Afonso Cunha/MA",-4.136310,-43.327500,9128.4
360,"Coelho Neto/MA",-4.252450,-43.010800,9165.8
361,"Duque Bacelar/MA",-4.150020,-42.947700,9179.2
362,"Miguel Alves/PI",-4.168570,-42.896300,9185.2
363,"Buriti/MA",-3.941690,-42.917900,9210.6
364,"Porto/PI",-3.888150,-42.699800,9235.5
365,"Nossa Senhora dos Remédios/PI",-3.975740,-42.618400,9248.8
366,"Campo Largo do Piauí/PI",-3.804410,-42.640000,9268.0
367,"Matias Olímpio/PI",-3.714920,-42.550700,9282.0
368,"São João do Arraial/PI",-3.818600,-42.445900,9298.4
369,"Morro do Chapéu do Piauí/PI",-3.733370,-42.302400,9316.9
370,"Esperantina/PI",-3.888630,-42.232400,9335.9
371,"Batalha/PI",-4.022300,-42.078700,9358.5
372,"Barras/PI",-4.244680,-42.292200,9392.7
373,"Cabeceiras do Piauí/PI",-4.477300,-42.306900,9418.6
374,"Boa Hora/PI",-4.414040,-42.135700,9438.9
375,"Boqueirão do Piauí/PI",-4.481810,-42.121200,9446.6
376,"Capitão de Campos/PI",-4.457000,-41.944000,9466.4
377,"Cocal de Telha/PI",-4.557100,-41.958700,9477.7
378,"Nossa Senhora de Nazaré/PI",-4.630190,-42.173000,9502.8
379,"Campo Maior/PI",-4.821700,-42.164100,9524.1
380,"Jatobá do Piauí/PI",-4.770250,-41.817000,9563.0
381,"Sigefredo Pacheco/PI",-4.916650,-41.731100,9581.8
382,"Milton Brandão/PI",-4.682950,-41.417300,9625.2
383,"Pedro II/PI",-4.425850,-41.448200,9654.0
384,"Lagoa de São Francisco/PI",-4.385050,-41.596900,9671.1
385,"Piripiri/PI",-4.271570,-41.771600,9694.3
386,"Brasileira/PI",-4.133700,-41.785900,9709.7
387,"Piracuruca/PI",-3.933350,-41.708800,9733.5
388,"São José do Divino/PI",-3.814110,-41.830800,9752.5
389,"Caraúbas do Piauí/PI",-3.475250,-41.842500,9790.2
390,"Caxingó/PI",-3.419040,-41.895500,9798.8
391,"Cocal/PI",-3.472790,-41.554600,9837.1
392,"Cocal dos Alves/PI",-3.620470,-41.440200,9857.8
393,"São João da Fronteira/PI",-3.954970,-41.256900,9900.2
394,"Domingos Mourão/PI",-4.249500,-41.268300,9933.0
395,"Croatá/CE",-4.404810,-40.902200,9977.1
396,"Ipu/CE",-4.317480,-40.705900,10000.9
397,"Pires Ferreira/CE",-4.239220,-40.644200,10012.0
398,"Guaraciaba do Norte/CE",-4.158140,-40.747600,10026.6
399,"Carnaubal/CE",-4.159850,-40.941300,10048.1
400,"São Benedito/CE",-4.047130,-40.859600,10063.5
401,"Graça/CE",-4.044220,-40.749000,10075.8
402,"Pacujá/CE",-3.983270,-40.698900,10084.6
403,"Mucambo/CE",-3.902710,-40.745200,10094.9
404,"Ibiapina/CE",-3.924030,-40.891100,10111.3
405,"Ubajara/CE",-3.854480,-40.920400,10119.6
406,"Frecheirinha/CE",-3.755570,-40.818000,10135.5
407,"Tianguá/CE",-3.729650,-40.992300,10155.0
408,"Viçosa do Ceará/CE",-3.566700,-41.091600,10176.2
409,"Moraújo/CE",-3.463110,-40.677600,10223.6
410,"Coreaú/CE",-3.541500,-40.658700,10232.6
411,"Alcântaras/CE",-3.585370,-40.547900,10245.8
412,"Meruoca/CE",-3.539740,-40.453100,10257.5
413,"Senador Sá/CE",-3.353050,-40.466200,10278.3
414,"Uruoca/CE",-3.308190,-40.562800,10290.1
415,"Martinópole/CE",-3.225200,-40.689600,10306.9
416,"Granja/CE",-3.127880,-40.837200,10326.6
417,"Camocim/CE",-2.900500,-40.854400,10351.9
418,"Jijoca de Jericoacoara/CE",-2.793310,-40.512700,10391.7
419,"Cruz/CE",-2.918130,-40.176000,10431.6
420,"Acaraú/CE",-2.887690,-40.118300,10438.8
421,"Itarema/CE",-2.924800,-39.916700,10461.6
422,"Bela Cruz/CE",-3.049960,-40.167100,10492.7
423,"Marco/CE",-3.128500,-40.158200,10501.5
424,"Morrinhos/CE",-3.234260,-40.123300,10513.9
425,"Santana do Acaraú/CE",-3.461440,-40.211800,10541.0
426,"Massapê/CE",-3.523640,-40.342300,10557.0
427,"Sobral/CE",-3.689130,-40.348200,10575.4
428,"Forquilha/CE",-3.799450,-40.263400,10590.9
429,"Groaíras/CE",-3.917870,-40.385200,10609.8
430,"Cariré/CE",-3.948580,-40.476000,10620.4
431,"Reriutaba/CE",-4.141910,-40.575900,10644.6
432,"Varjota/CE",-4.193870,-40.474100,10657.3
433,"Hidrolândia/CE",-4.409580,-40.405600,10682.4
434,"Santa Quitéria/CE",-4.326080,-40.152300,10712.0
435,"Catunda/CE",-4.643360,-40.200000,10747.7
436,"Monsenhor Tabosa/CE",-4.791020,-40.064600,10769.9
437,"Tamboril/CE",-4.831360,-40.319600,10798.5
438,"Nova Russas/CE",-4.705810,-40.562100,10828.8
439,"Ipueiras/CE",-4.538020,-40.711800,10853.8
440,"Ararendá/CE",-4.745670,-40.831000,10880.4
441,"Poranga/CE",-4.746720,-40.920500,10890.3
442,"Ipaporanga/CE",-4.897640,-40.753700,10915.3
443,"Crateús/CE",-5.167680,-40.653600,10947.3
444,"Independência/CE",-5.387890,-40.308500,10992.7
445,"Pedra Branca/CE",-5.453410,-39.707800,11059.5
446,"Boa Viagem/CE",-5.112580,-39.733700,11097.6
447,"Madalena/CE",-4.846010,-39.572500,11132.2
448,"Itatira/CE",-4.526080,-39.620200,11168.1
449,"Canindé/CE",-4.351620,-39.315500,11207.1
450,"Caridade/CE",-4.225140,-39.191200,11226.8
451,"Paramoti/CE",-4.088150,-39.241700,11243.0
452,"General Sampaio/CE",-4.043510,-39.454000,11267.1
453,"Tejuçuoca/CE",-3.988310,-39.579900,11282.3
454,"Apuiarés/CE",-3.945060,-39.435900,11299.0
455,"Pentecoste/CE",-3.792740,-39.269200,11324.1
456,"São Luís do Curu/CE",-3.669760,-39.239100,11338.2
457,"Umirim/CE",-3.676540,-39.346500,11350.1
458,"Tururu/CE",-3.584130,-39.429700,11363.9
459,"Uruburetama/CE",-3.623160,-39.510700,11373.9
460,"Itapajé/CE",-3.683140,-39.585500,11384.5
461,"Irauçuba/CE",-3.747370,-39.784300,11407.7
462,"Miraíma/CE",-3.568670,-39.966300,11436.1
463,"Amontada/CE",-3.360170,-39.828800,11463.8
464,"Itapipoca/CE",-3.499330,-39.583600,11495.1
465,"Trairi/CE",-3.269320,-39.268100,11538.5
466,"Paraipaba/CE",-3.437990,-39.147900,11561.5
467,"Paracuru/CE",-3.414360,-39.030000,11574.9
468,"São Gonçalo do Amarante/CE",-3.605150,-38.972600,11597.0
469,"Caucaia/CE",-3.727970,-38.661900,11634.1
470,"Fortaleza/CE",-3.716640,-38.542300,11647.4
471,"Maracanaú/CE",-3.866990,-38.625900,11666.5
472,"Maranguape/CE",-3.891430,-38.682900,11673.4
473,"Pacatuba/CE",-3.978400,-38.618300,11685.5
474,"Guaiúba/CE",-4.040570,-38.640400,11692.8
475,"Itaitinga/CE",-3.965770,-38.529800,11707.6
476,"Eusébio/CE",-3.892500,-38.455900,11719.2
477,"Aquiraz/CE",-3.899290,-38.389600,11726.6
478,"Pindoretama/CE",-4.015840,-38.306100,11742.5
479,"Beberibe/CE",-4.177410,-38.127100,11769.3
480,"Cascavel/CE",-4.129670,-38.241200,11783.0
481,"Horizonte/CE",-4.120900,-38.470700,11808.5
482,"Pacajus/CE",-4.171070,-38.465000,11814.1
483,"Chorozinho/CE",-4.288730,-38.498600,11827.7
484,"Ocara/CE",-4.485230,-38.593300,11851.9
485,"Barreira/CE",-4.289210,-38.642900,11874.4
486,"Acarape/CE",-4.220830,-38.705500,11884.7
487,"Redenção/CE",-4.215870,-38.727700,11887.2
488,"Palmácia/CE",-4.138310,-38.844600,11902.8
489,"Pacoti/CE",-4.224920,-38.922000,11915.7
490,"Guaramiranga/CE",-4.262480,-38.932000,11920.0
491,"Mulungu/CE",-4.302940,-38.995100,11928.3
492,"Aratuba/CE",-4.412290,-39.047100,11941.8
493,"Baturité/CE",-4.325980,-38.881200,11962.5
494,"Aracoiaba/CE",-4.368720,-38.812500,11971.5
495,"Capistrano/CE",-4.455690,-38.904800,11985.6
496,"Itapiúna/CE",-4.555160,-38.928100,11997.0
497,"Ibaretama/CE",-4.803760,-38.750100,12030.9
498,"Ibicuitinga/CE",-4.969990,-38.636200,12053.3
499,"Banabuiú/CE",-5.304540,-38.913200,12101.5
500,"Quixadá/CE",-4.966300,-39.015500,12140.8
501,"Choró/CE",-4.839060,-39.134400,12160.1
502,"Quixeramobim/CE",-5.190670,-39.288900,12202.8
503,"Senador Pompeu/CE",-5.582440,-39.370400,12247.3
504,"Mombaça/CE",-5.738440,-39.630000,12280.8
505,"Piquet Carneiro/CE",-5.800250,-39.417000,12305.4
506,"Acopiara/CE",-6.089110,-39.448000,12337.7
507,"Deputado Irapuan Pinheiro/CE",-5.914850,-39.257000,12366.4
508,"Milhã/CE",-5.672520,-39.187500,12394.4
509,"Solonópole/CE",-5.718940,-39.010700,12414.6
510,"Jaguaretama/CE",-5.605100,-38.763900,12444.7
511,"Jaguaribara/CE",-5.677650,-38.535900,12471.2
512,"Jaguaribe/CE",-5.902130,-38.622700,12497.9
513,"Pereiro/CE",-6.035760,-38.462400,12521.1
514,"Doutor Severiano/RN",-6.080820,-38.379400,12531.5
515,"Ererê/CE",-6.027510,-38.346100,12538.5
516,"Encanto/RN",-6.106910,-38.303300,12548.5
517,"São Francisco do Oeste/RN",-5.974720,-38.151900,12570.8
518,"Francisco Dantas/RN",-6.072340,-38.121200,12582.2
519,"Pau dos Ferros/RN",-6.104980,-38.207700,12592.4
520,"Rafael Fernandes/RN",-6.189870,-38.221100,12602.0
521,"Água Nova/RN",-6.203510,-38.294100,12610.2
522,"Riacho de Santana/RN",-6.251390,-38.311600,12615.8
523,"José da Penha/RN",-6.310950,-38.282300,12623.2
524,"Marcelino Vieira/RN",-6.284600,-38.164200,12636.6
525,"Pilões/RN",-6.263640,-38.046100,12649.8
526,"Alexandria/RN",-6.405330,-38.014200,12666.0
527,"Bom Sucesso/PB",-6.441760,-37.923400,12676.8
528,"Brejo dos Santos/PB",-6.370650,-37.825300,12690.2
529,"Catolé do Rocha/PB",-6.340620,-37.747000,12699.5
530,"João Dias/RN",-6.272150,-37.788500,12708.4
531,"Antônio Martins/RN",-6.213670,-37.883400,12720.7
532,"Frutuoso Gomes/RN",-6.156690,-37.837500,12728.9
533,"Lucrécia/RN",-6.105250,-37.813400,12735.2
534,"Almino Afonso/RN",-6.147500,-37.763600,12742.4
535,"Rafael Godeiro/RN",-6.072440,-37.716000,12752.3
536,"Patu/RN",-6.106560,-37.635600,12761.9
537,"Belém do Brejo do Cruz/PB",-6.185150,-37.534800,12776.1
538,"Messias Targino/RN",-6.071940,-37.515800,12788.9
539,"Janduís/RN",-6.014740,-37.404800,12802.7
540,"São José do Brejo do Cruz/PB",-6.210540,-37.360100,12825.0
541,"São Fernando/RN",-6.379750,-37.186400,12851.9
542,"Caicó/RN",-6.454410,-37.106700,12864.0
543,"Timbaúba dos Batistas/RN",-6.457680,-37.274500,12882.5
544,"Jardim de Piranhas/RN",-6.376650,-37.349600,12894.8
545,"Brejo do Cruz/PB",-6.341850,-37.494300,12911.2
546,"São Bento/PB",-6.485290,-37.448800,12928.0
547,"Serra Negra do Norte/RN",-6.660310,-37.399600,12948.2
548,"São João do Sabugi/RN",-6.713870,-37.202700,12970.7
549,"Ipueira/RN",-6.805960,-37.204500,12981.0
550,"São José de Espinharas/PB",-6.839740,-37.321400,12994.4
551,"Patos/PB",-7.017430,-37.274700,13014.8
552,"Santa Teresinha/PB",-7.079640,-37.443500,13034.7
553,"Catingueira/PB",-7.120080,-37.606400,13053.2
554,"Emas/PB",-7.099640,-37.716300,13065.6
555,"Olho d'Água/PB",-7.221180,-37.740600,13079.3
556,"Piancó/PB",-7.192820,-37.928900,13100.3
557,"Coremas/PB",-7.007120,-37.934600,13121.0
558,"Cajazeirinhas/PB",-6.960160,-37.800900,13136.7
559,"São Bentinho/PB",-6.885960,-37.724300,13148.5
560,"Condado/PB",-6.898310,-37.606000,13161.6
561,"Malta/PB",-6.897190,-37.522100,13170.9
562,"Vista Serrana/PB",-6.730300,-37.570400,13190.2
563,"Paulista/PB",-6.591380,-37.618500,13206.5
564,"Riacho dos Cavalos/PB",-6.440670,-37.648300,13223.6
565,"Mato Grosso/PB",-6.540180,-37.727900,13237.7
566,"Jericó/PB",-6.545770,-37.803600,13246.1
567,"Lagoa/PB",-6.585720,-37.912700,13258.9
568,"Pombal/PB",-6.766060,-37.800300,13282.5
569,"São Domingos/PB",-6.803130,-37.948800,13299.4
570,"Aparecida/PB",-6.784660,-38.080300,13314.1
571,"Sousa/PB",-6.751480,-38.231100,13331.2
572,"São Francisco/PB",-6.607730,-38.096800,13353.0
573,"Santa Cruz/PB",-6.523700,-38.061700,13363.1
574,"Lastro/PB",-6.506030,-38.174200,13375.7
575,"Tenente Ananias/RN",-6.458230,-38.182000,13381.0
576,"Vieirópolis/PB",-6.506840,-38.256700,13390.9
577,"Paraná/RN",-6.475650,-38.305700,13397.3
578,"Major Sales/RN",-6.399490,-38.324000,13406.0
579,"Luís Gomes/RN",-6.405880,-38.389900,13413.4
580,"Uiraúna/PB",-6.515040,-38.412800,13425.8
581,"Joca Claudino/PB",-6.483620,-38.476400,13433.6
582,"Bernardino Batista/PB",-6.445720,-38.552100,13443.0
583,"Poço Dantas/PB",-6.398760,-38.490900,13451.5
584,"Venha-Ver/RN",-6.320160,-38.489600,13460.3
585,"Coronel João Pessoa/RN",-6.249740,-38.444100,13469.6
586,"São Miguel/RN",-6.202830,-38.494700,13477.2
587,"Icó/CE",-6.396270,-38.855400,13522.5
588,"Orós/CE",-6.251820,-38.905300,13539.5
589,"Quixelô/CE",-6.246370,-39.201100,13572.2
590,"Iguatu/CE",-6.362810,-39.289200,13588.4
591,"Cariús/CE",-6.524280,-39.491600,13617.1
592,"Jucás/CE",-6.515230,-39.518700,13620.2
593,"Tarrafas/CE",-6.678380,-39.753000,13651.8
594,"Saboeiro/CE",-6.534600,-39.901700,13674.8
595,"Catarina/CE",-6.122910,-39.873600,13720.6
596,"Tauá/CE",-5.985850,-40.296800,13769.9
597,"Arneiroz/CE",-6.316500,-40.165300,13809.4
598,"Aiuaba/CE",-6.571220,-40.117800,13838.2
599,"Antonina do Norte/CE",-6.769190,-39.987000,13864.5
600,"Assaré/CE",-6.866900,-39.868900,13881.5
601,"Potengi/CE",-7.091540,-40.023300,13911.7
602,"Araripe/CE",-7.213190,-40.135900,13930.1
603,"Campos Sales/CE",-7.067610,-40.368700,13960.5
604,"Salitre/CE",-7.283980,-40.450000,13986.1
605,"Araripina/PE",-7.570730,-40.494000,14018.4
606,"Trindade/PE",-7.759000,-40.264700,14051.2
607,"Ipubi/PE",-7.645050,-40.147600,14069.3
608,"Bodocó/PE",-7.777590,-39.933800,14097.1
609,"Ouricuri/PE",-7.879180,-40.080000,14116.8
610,"Santa Cruz/PE",-8.241530,-40.343400,14166.4
611,"Santa Filomena/PE",-8.166880,-40.607900,14196.7
612,"Betânia do Piauí/PI",-8.143760,-40.798900,14217.9
613,"Dormentes/PE",-8.441160,-40.766200,14251.1
614,"Afrânio/PE",-8.511360,-41.009500,14279.0
615,"Acauã/PI",-8.219540,-41.083100,14312.4
616,"Paulistana/PI",-8.134360,-41.143100,14324.0
617,"Jacobina do Piauí/PI",-7.930630,-41.207500,14347.7
618,"Patos do Piauí/PI",-7.672310,-41.240800,14376.7
619,"Caridade do Piauí/PI",-7.734350,-40.984800,14405.7
620,"Curral Novo do Piauí/PI",-7.831300,-40.895700,14420.3
621,"Simões/PI",-7.591090,-40.813700,14448.5
622,"Marcolândia/PI",-7.441690,-40.660200,14472.2
623,"Caldeirão Grande do Piauí/PI",-7.331400,-40.636600,14484.7
624,"Francisco Macedo/PI",-7.331000,-40.788000,14501.4
625,"Alegrete do Piauí/PI",-7.241960,-40.856600,14513.9
626,"Padre Marcos/PI",-7.351010,-40.899700,14526.9
627,"Belém do Piauí/PI",-7.366520,-40.968800,14534.7
628,"Massapê do Piauí/PI",-7.474690,-41.110300,14554.4
629,"Jaicós/PI",-7.362290,-41.137100,14567.3
630,"Geminiano/PI",-7.154760,-41.340900,14599.5
631,"Sussuapara/PI",-7.036870,-41.376700,14613.2
632,"Picos/PI",-7.077210,-41.467000,14624.1
633,"Aroeiras do Itaim/PI",-7.245020,-41.532500,14644.1
634,"Itainópolis/PI",-7.443360,-41.468700,14667.3
635,"Vera Mendes/PI",-7.597480,-41.467300,14684.4
636,"Isaías Coelho/PI",-7.735970,-41.673500,14711.9
637,"Conceição do Canindé/PI",-7.876380,-41.594200,14729.8
638,"São Francisco de Assis do Piauí/PI",-8.235990,-41.687300,14771.0
639,"Campo Alegre do Fidalgo/PI",-8.382360,-41.834400,14794.0
640,"Capitão Gervásio Oliveira/PI",-8.496550,-41.814000,14806.9
641,"Lagoa do Barro do Piauí/PI",-8.476730,-41.534200,14837.7
642,"Queimada Nova/PI",-8.570640,-41.410600,14854.9
643,"Casa Nova/BA",-9.164080,-40.974000,14936.5
644,"Sobradinho/BA",-9.450240,-40.814500,14972.8
645,"Juazeiro/BA",-9.416220,-40.503300,15007.1
646,"Petrolina/PE",-9.388660,-40.502700,15010.2
647,"Lagoa Grande/PE",-8.994520,-40.276700,15060.5
648,"Curaçá/BA",-8.984580,-39.899700,15102.0
649,"Santa Maria da Boa Vista/PE",-8.797660,-39.824100,15124.3
650,"Orocó/PE",-8.610260,-39.602600,15156.4
651,"Cabrobó/PE",-8.505480,-39.309400,15190.7
652,"Terra Nova/PE",-8.222440,-39.382500,15223.1
653,"Parnamirim/PE",-8.087290,-39.579500,15249.5
654,"Granito/PE",-7.707110,-39.615000,15292.0
655,"Moreilândia/PE",-7.619310,-39.546000,15304.4
656,"Exu/PE",-7.503640,-39.723800,15327.8
657,"Santana do Cariri/CE",-7.176130,-39.730200,15364.2
658,"Nova Olinda/CE",-7.084150,-39.671300,15376.3
659,"Altaneira/CE",-6.998370,-39.735600,15388.2
660,"Farias Brito/CE",-6.921460,-39.565100,15408.9
661,"Crato/CE",-7.215300,-39.410300,15445.8
662,"Juazeiro do Norte/CE",-7.196210,-39.307600,15457.3
663,"Barbalha/CE",-7.298200,-39.302100,15468.7
664,"Missão Velha/CE",-7.235220,-39.143000,15487.6
665,"Caririaçu/CE",-7.028080,-39.282800,15515.3
666,"Granjeiro/CE",-6.881340,-39.214400,15533.3
667,"Várzea Alegre/CE",-6.782640,-39.294200,15547.3
668,"Cedro/CE",-6.600340,-39.060900,15580.1
669,"Lavras da Mangabeira/CE",-6.744800,-38.970600,15599.0
670,"Aurora/CE",-6.933490,-38.974200,15620.0
671,"Cachoeira dos Índios/PB",-6.913530,-38.676000,15653.0
672,"Cajazeiras/PB",-6.880040,-38.557700,15666.6
673,"Bom Jesus/PB",-6.816010,-38.645300,15678.6
674,"Ipaumirim/CE",-6.782650,-38.717900,15687.4
675,"Baixio/CE",-6.719450,-38.713400,15694.5
676,"Santa Helena/PB",-6.717600,-38.642700,15702.3
677,"Umari/CE",-6.638930,-38.700800,15713.1
678,"Triunfo/PB",-6.571300,-38.598600,15726.7
679,"Poço de José de Moura/PB",-6.564010,-38.511100,15736.4
680,"São João do Rio do Peixe/PB",-6.721950,-38.446800,15755.3
681,"Marizópolis/PB",-6.827480,-38.352800,15771.0
682,"Nazarezinho/PB",-6.911400,-38.322000,15780.9
683,"Carrapateira/PB",-7.034140,-38.339900,15794.7
684,"São José da Lagoa Tapada/PB",-6.936460,-38.162200,15817.1
685,"Aguiar/PB",-7.091800,-38.168100,15834.4
686,"Igaracy/PB",-7.171840,-38.147800,15843.6
687,"Itaporanga/PB",-7.302020,-38.150400,15858.1
688,"São José de Caiana/PB",-7.246360,-38.298900,15875.6
689,"Serra Grande/PB",-7.209570,-38.364700,15883.9
690,"São José de Piranhas/PB",-7.118700,-38.502000,15902.1
691,"Bonito de Santa Fé/PB",-7.313410,-38.513300,15923.8
692,"Monte Horebe/PB",-7.204020,-38.583800,15938.2
693,"Barro/CE",-7.171880,-38.774100,15959.5
694,"Mauriti/CE",-7.385970,-38.770800,15983.4
695,"Milagres/CE",-7.297490,-38.937800,16004.2
696,"Abaiara/CE",-7.345880,-39.041600,16016.9
697,"Brejo Santo/CE",-7.484690,-38.979900,16033.8
698,"Porteiras/CE",-7.522650,-39.114000,16049.1
699,"Jardim/CE",-7.575990,-39.282600,16068.6
700,"Cedro/PE",-7.711790,-39.236700,16084.6
701,"Serrita/PE",-7.940410,-39.295100,16110.8
702,"Salgueiro/PE",-8.073730,-39.124700,16134.7
703,"Verdejante/PE",-7.922350,-38.970100,16158.6
704,"Penaforte/CE",-7.821630,-39.070700,16174.4
705,"Jati/CE",-7.679700,-39.002900,16191.8
706,"São José do Belmonte/PE",-7.857230,-38.757700,16225.3
707,"Mirandiba/PE",-8.121130,-38.738800,16254.7
708,"Carnaubeira da Penha/PE",-8.317990,-38.751200,16276.7
709,"Floresta/PE",-8.603070,-38.568700,16314.2
710,"Itacuruba/PE",-8.822310,-38.697500,16342.4
711,"Rodelas/BA",-8.850210,-38.780000,16351.9
712,"Belém do São Francisco/PE",-8.750460,-38.962300,16374.8
713,"Abaré/BA",-8.720730,-39.116200,16392.1
714,"Chorrochó/BA",-8.969500,-39.097900,16419.8
715,"Macururé/BA",-9.162260,-39.051800,16441.8
716,"Canudos/BA",-9.900140,-39.147100,16524.6
717,"Uauá/BA",-9.833250,-39.479400,16561.7
718,"Andorinha/BA",-10.348200,-39.839100,16631.2
719,"Jaguarari/BA",-10.256900,-40.199900,16672.0
720,"Senhor do Bonfim/BA",-10.459400,-40.186500,16694.5
721,"Campo Formoso/BA",-10.510500,-40.320000,16710.2
722,"Antônio Gonçalves/BA",-10.576700,-40.278500,16718.8
723,"Pindobaçu/BA",-10.743300,-40.367500,16739.8
724,"Saúde/BA",-10.942800,-40.415500,16762.6
725,"Mirangaba/BA",-10.961000,-40.574000,16780.0
726,"Jacobina/BA",-11.181200,-40.511700,16805.4
727,"Caém/BA",-11.067700,-40.432000,16820.7
728,"Caldeirão Grande/BA",-11.020800,-40.295600,16836.5
729,"Ponto Novo/BA",-10.865300,-40.131100,16861.4
730,"Filadélfia/BA",-10.740500,-40.143700,16875.4
731,"Itiúba/BA",-10.694800,-39.844600,16908.4
732,"Cansanção/BA",-10.664700,-39.494400,16946.8
733,"Monte Santo/BA",-10.437400,-39.332100,16977.7
734,"Euclides da Cunha/BA",-10.507800,-39.015300,17013.2
735,"Quijingue/BA",-10.750500,-39.213700,17047.9
736,"Nordestina/BA",-10.819200,-39.429700,17072.7
737,"Queimadas/BA",-10.973600,-39.629300,17100.4
738,"Santaluz/BA",-11.250800,-39.375000,17141.9
739,"Valente/BA",-11.406200,-39.457000,17161.3
740,"São Domingos/BA",-11.464900,-39.526800,17171.3
741,"Retirolândia/BA",-11.483200,-39.423400,17182.8
742,"Conceição do Coité/BA",-11.560000,-39.280800,17200.5
743,"Barrocas/BA",-11.527200,-39.077600,17223.0
744,"Teofilândia/BA",-11.482700,-38.991300,17233.6
745,"Araci/BA",-11.325300,-38.958400,17251.5
746,"Tucano/BA",-10.958400,-38.789400,17296.2
747,"Ribeira do Pombal/BA",-10.837300,-38.538200,17326.8
748,"Ribeira do Amparo/BA",-11.042100,-38.424200,17352.7
749,"Cipó/BA",-11.103200,-38.517900,17365.0
750,"Nova Soure/BA",-11.232900,-38.487100,17379.8
751,"Olindina/BA",-11.349700,-38.337900,17400.6
752,"Itapicuru/BA",-11.308800,-38.226200,17413.6
753,"Tobias Barreto/SE",-11.179800,-37.999500,17442.2
754,"Itabaianinha/SE",-11.269300,-37.787500,17467.4
755,"Umbaúba/SE",-11.380900,-37.662300,17485.8
756,"Arauá/SE",-11.261400,-37.620100,17499.9
757,"Pedrinhas/SE",-11.190200,-37.677500,17510.0
758,"Boquim/SE",-11.139700,-37.619500,17518.5
759,"Riachão do Dantas/SE",-11.072900,-37.731000,17532.7
760,"Lagarto/SE",-10.913600,-37.668900,17551.7
761,"São Domingos/SE",-10.791600,-37.568500,17569.1
762,"Campo do Brito/SE",-10.739200,-37.495400,17579.0
763,"Itabaiana/SE",-10.682600,-37.427300,17588.7
764,"Macambira/SE",-10.661900,-37.541300,17601.4
765,"Frei Paulo/SE",-10.551300,-37.527900,17613.8
766,"Pedra Mole/SE",-10.613400,-37.692200,17633.0
767,"Pinhão/SE",-10.567700,-37.724200,17639.2
768,"Simão Dias/SE",-10.738700,-37.809700,17660.4
769,"Paripiranga/BA",-10.685900,-37.862600,17668.6
770,"Adustina/BA",-10.543700,-38.111300,17700.1
771,"Fátima/BA",-10.616000,-38.223900,17714.8
772,"Poço Verde/SE",-10.715100,-38.181300,17726.7
773,"Heliópolis/BA",-10.682500,-38.290700,17739.2
774,"Cícero Dantas/BA",-10.589700,-38.379400,17753.4
775,"Banzaê/BA",-10.578800,-38.621200,17779.8
776,"Novo Triunfo/BA",-10.318200,-38.401400,17817.5
777,"Antas/BA",-10.385600,-38.340100,17827.6
778,"Sítio do Quinto/BA",-10.354500,-38.221300,17841.0
779,"Jeremoabo/BA",-10.068500,-38.347100,17875.7
780,"Santa Brígida/BA",-9.732270,-38.120900,17920.5
781,"Paulo Afonso/BA",-9.398300,-38.221600,17959.2
782,"Glória/BA",-9.343820,-38.254400,17966.3
783,"Jatobá/PE",-9.174760,-38.260700,17985.1
784,"Petrolândia/PE",-9.068630,-38.302700,17997.8
785,"Tacaratu/PE",-9.097980,-38.150400,18014.8
786,"Inajá/PE",-8.902060,-37.835100,18055.7
787,"Ibimirim/PE",-8.540260,-37.703200,18098.5
788,"Betânia/PE",-8.267870,-38.034500,18145.9
789,"Serra Talhada/PE",-7.981780,-38.289000,18188.3
790,"Calumbi/PE",-7.935510,-38.148200,18204.6
791,"Santa Cruz da Baixa Verde/PE",-7.813390,-38.147600,18218.2
792,"Triunfo/PE",-7.832720,-38.097800,18224.1
793,"Flores/PE",-7.858420,-37.971500,18238.3
794,"Princesa Isabel/PB",-7.731750,-37.988600,18252.5
795,"São José de Princesa/PB",-7.736330,-38.089400,18263.6
796,"Manaíra/PB",-7.703310,-38.152300,18271.4
797,"Curral Velho/PB",-7.530750,-38.196200,18291.2
798,"Santana de Mangueira/PB",-7.547050,-38.323600,18305.4
799,"Santa Inês/PB",-7.621000,-38.554000,18332.1
800,"Conceição/PB",-7.551060,-38.501400,18341.8
801,"Ibiara/PB",-7.479570,-38.405900,18355.0
802,"Diamante/PB",-7.417380,-38.261500,18372.3
803,"Boa Ventura/PB",-7.409820,-38.211300,18377.9
804,"Pedra Branca/PB",-7.421690,-38.068900,18393.7
805,"Nova Olinda/PB",-7.472320,-38.038200,18400.3
806,"Santana dos Garrotes/PB",-7.381620,-37.981900,18412.1
807,"Juru/PB",-7.529830,-37.815000,18436.8
808,"Tavares/PB",-7.626970,-37.871200,18449.3
809,"Quixaba/PE",-7.707340,-37.844600,18458.7
810,"Carnaíba/PE",-7.793420,-37.794600,18469.7
811,"Afogados da Ingazeira/PE",-7.743120,-37.631000,18488.6
812,"Iguaracy/PE",-7.832220,-37.508200,18505.3
813,"Custódia/PE",-8.085460,-37.644300,18537.2
814,"Sertânia/PE",-8.068470,-37.268400,18578.7
815,"Monteiro/PB",-7.883630,-37.118400,18605.0
816,"Zabelê/PB",-8.079010,-37.105700,18626.8
817,"São Sebastião do Umbuzeiro/PB",-8.152890,-37.013800,18639.8
818,"São João do Tigre/PB",-8.077030,-36.854700,18659.3
819,"Poção/PE",-8.187260,-36.711100,18679.3
820,"Pesqueira/PE",-8.357970,-36.697800,18698.3
821,"Sanharó/PE",-8.360970,-36.569600,18712.4
822,"Belo Jardim/PE",-8.331300,-36.425800,18728.6
823,"São Caetano/PE",-8.337630,-36.286900,18743.9
824,"Tacaimbó/PE",-8.308670,-36.300000,18747.4
825,"Brejo da Madre de Deus/PE",-8.149330,-36.374100,18766.9
826,"Jataúba/PE",-7.976680,-36.494300,18790.2
827,"Congo/PB",-7.790780,-36.658100,18817.7
828,"Camalaú/PB",-7.885030,-36.824200,18838.8
829,"Sumé/PB",-7.662060,-36.884000,18864.4
830,"Prata/PB",-7.688260,-37.080100,18886.2
831,"Ouro Velho/PB",-7.616040,-37.151900,18897.5
832,"Amparo/PB",-7.555020,-37.062800,18909.4
833,"Livramento/PB",-7.371130,-36.949100,18933.4
834,"São José dos Cordeiros/PB",-7.387750,-36.808500,18949.0
835,"Serra Branca/PB",-7.480340,-36.666000,18967.8
836,"Coxixola/PB",-7.623650,-36.606400,18985.1
837,"Caraúbas/PB",-7.720490,-36.492000,19001.6
838,"São Domingos do Cariri/PB",-7.632730,-36.437400,19013.1
839,"Cabaceiras/PB",-7.488990,-36.287000,19036.1
840,"Boqueirão/PB",-7.487000,-36.130900,19053.3
841,"Barra de Santana/PB",-7.518090,-35.991300,19069.1
842,"Caturité/PB",-7.416590,-36.030600,19081.2
843,"Queimadas/PB",-7.350290,-35.903100,19097.1
844,"Fagundes/PB",-7.344540,-35.793100,19109.2
845,"Itatuba/PB",-7.381150,-35.638000,19126.8
846,"Ingá/PB",-7.281440,-35.605000,19138.5
847,"Riachão do Bacamarte/PB",-7.253470,-35.669300,19146.2
848,"Serra Redonda/PB",-7.186220,-35.684200,19153.9
849,"Juarez Távora/PB",-7.171300,-35.568600,19166.7
850,"Alagoa Grande/PB",-7.039430,-35.620600,19182.5
851,"Areia/PB",-6.963960,-35.697700,19194.4
852,"Remígio/PB",-6.949920,-35.801100,19206.0
853,"Alagoa Nova/PB",-7.053770,-35.759100,19218.4
854,"Matinhas/PB",-7.124860,-35.766900,19226.3
855,"Massaranduba/PB",-7.189950,-35.784800,19233.8
856,"Campina Grande/PB",-7.221960,-35.873100,19244.2
857,"Lagoa Seca/PB",-7.155350,-35.849100,19252.1
858,"São Sebastião de Lagoa de Roça/PB",-7.110340,-35.867800,19257.5
859,"Esperança/PB",-7.022780,-35.859700,19267.3
860,"Areial/PB",-7.047890,-35.931300,19275.7
861,"Montadas/PB",-7.088480,-35.959200,19281.1
862,"Puxinanã/PB",-7.154790,-35.954300,19288.5
863,"Pocinhos/PB",-7.066580,-36.066800,19304.3
864,"Algodão de Jandaíra/PB",-6.892920,-36.012900,19324.5
865,"Barra de Santa Rosa/PB",-6.718160,-36.067100,19344.9
866,"Damião/PB",-6.631610,-35.910100,19364.7
867,"Japi/RN",-6.465440,-35.934600,19383.4
868,"São Bento do Trairí/RN",-6.337980,-36.086300,19405.3
869,"Santa Cruz/RN",-6.224750,-36.019300,19419.9
870,"Lajes Pintadas/RN",-6.149430,-36.117100,19433.6
871,"Campo Redondo/RN",-6.238290,-36.188800,19446.3
872,"Coronel Ezequiel/RN",-6.374800,-36.222300,19461.9
873,"Jaçanã/RN",-6.418560,-36.203100,19467.2
874,"Nova Floresta/PB",-6.450560,-36.205700,19470.8
875,"Cuité/PB",-6.476470,-36.151500,19477.4
876,"Picuí/PB",-6.508450,-36.349700,19499.6
877,"Baraúna/PB",-6.634840,-36.260100,19516.8
878,"Sossêgo/PB",-6.770670,-36.253800,19531.9
879,"Nova Palmeira/PB",-6.671220,-36.422000,19553.5
880,"Pedra Lavrada/PB",-6.749970,-36.475800,19564.1
881,"São Vicente do Seridó/PB",-6.854260,-36.412200,19577.7
882,"Cubati/PB",-6.866860,-36.361900,19583.4
883,"Olivedos/PB",-6.984340,-36.241000,19602.1
884,"Soledade/PB",-7.058290,-36.366800,19618.2
885,"Boa Vista/PB",-7.263650,-36.235700,19645.2
886,"Gurjão/PB",-7.248330,-36.492300,19673.6
887,"São João do Cariri/PB",-7.381680,-36.534500,19689.1
888,"Parari/PB",-7.309750,-36.652200,19704.4
889,"Santo André/PB",-7.220160,-36.621300,19714.9
890,"Juazeirinho/PB",-7.060920,-36.579300,19733.2
891,"Tenório/PB",-6.938550,-36.627300,19747.8
892,"Equador/RN",-6.938350,-36.717000,19757.7
893,"Junco do Seridó/PB",-6.992690,-36.716600,19763.8
894,"Assunção/PB",-7.072310,-36.725000,19772.7
895,"Taperoá/PB",-7.206290,-36.824500,19791.2
896,"Salgadinho/PB",-7.100980,-36.845800,19803.1
897,"Areia de Baraúnas/PB",-7.117020,-36.940400,19813.7
898,"Passagem/PB",-7.134670,-37.043300,19825.2
899,"Cacimbas/PB",-7.207210,-37.060400,19833.5
900,"Desterro/PB",-7.287000,-37.092500,19843.1
901,"Itapetim/PE",-7.371780,-37.186300,19857.1
902,"Brejinho/PE",-7.346940,-37.286500,19868.5
903,"São José do Egito/PE",-7.469450,-37.274000,19882.1
904,"Tuparetama/PE",-7.600300,-37.316500,19897.4
905,"Ingazeira/PE",-7.669090,-37.457600,19914.8
906,"Tabira/PE",-7.583660,-37.537700,19927.7
907,"Solidão/PE",-7.594720,-37.644500,19939.6
908,"Água Branca/PB",-7.511440,-37.635700,19948.9
909,"Imaculada/PB",-7.388900,-37.507900,19968.5
910,"Santa Terezinha/PE",-7.376960,-37.478700,19972.0
911,"Mãe d'Água/PB",-7.252010,-37.432200,19986.8
912,"Maturéia/PB",-7.261880,-37.351000,19995.8
913,"São José do Bonfim/PB",-7.160700,-37.303600,20008.2
914,"Teixeira/PB",-7.221040,-37.252500,20017.0
915,"Cacimba de Areia/PB",-7.121280,-37.156300,20032.3
916,"Quixabá/PB",-7.022400,-37.145800,20043.4
917,"São Mamede/PB",-6.923860,-37.095400,20055.7
918,"Santa Luzia/PB",-6.860920,-36.917800,20076.5
919,"Várzea/PB",-6.761890,-36.991300,20090.2
920,"Ouro Branco/RN",-6.695800,-36.942800,20099.2
921,"São José do Sabugi/PB",-6.762950,-36.797200,20117.0
922,"Santana do Seridó/RN",-6.766430,-36.731200,20124.3
923,"Parelhas/RN",-6.684910,-36.656600,20136.5
924,"Jardim do Seridó/RN",-6.580470,-36.773600,20153.9
925,"São José do Seridó/RN",-6.440020,-36.874600,20173.1
926,"Cruzeta/RN",-6.408940,-36.778200,20184.3
927,"Acari/RN",-6.428200,-36.634700,20200.3
928,"Carnaúba dos Dantas/RN",-6.550150,-36.586800,20214.8
929,"Frei Martinho/PB",-6.397590,-36.452600,20237.4
930,"Currais Novos/RN",-6.254840,-36.514600,20254.7
931,"São Vicente/RN",-6.218930,-36.682700,20273.7
932,"Tenente Laurentino Cruz/RN",-6.137800,-36.713500,20283.3
933,"Florânia/RN",-6.122640,-36.822600,20295.5
934,"Jucurutu/RN",-6.030600,-37.009000,20318.5
935,"Paraú/RN",-5.768930,-37.103200,20349.4
936,"Triunfo Potiguar/RN",-5.854080,-37.178600,20362.0
937,"Augusto Severo (Campo Grande)/RN",-5.862060,-37.313500,20377.0
938,"Upanema/RN",-5.637610,-37.263500,20402.5
939,"Governador Dix-Sept Rosado/RN",-5.448870,-37.518300,20437.7
940,"Felipe Guerra/RN",-5.592740,-37.687500,20462.3
941,"Apodi/RN",-5.653490,-37.794600,20476.0
942,"Caraúbas/RN",-5.783870,-37.558600,20505.8
943,"Olho-d'Água do Borges/RN",-5.948600,-37.704700,20530.3
944,"Umarizal/RN",-5.982380,-37.818000,20543.3
945,"Martins/RN",-6.082790,-37.908000,20558.3
946,"Serrinha dos Pintos/RN",-6.110870,-37.954800,20564.3
947,"Portalegre/RN",-6.020640,-37.986500,20575.0
948,"Viçosa/RN",-5.982530,-37.946200,20581.1
949,"Riacho da Cruz/RN",-5.926540,-37.949000,20587.3
950,"Taboleiro Grande/RN",-5.919480,-38.036700,20597.1
951,"Itaú/RN",-5.836300,-37.991200,20607.6
952,"Severiano Melo/RN",-5.776660,-37.957000,20615.2
953,"Rodolfo Fernandes/RN",-5.783930,-38.057900,20626.4
954,"Potiretama/CE",-5.712870,-38.157800,20640.0
955,"Iracema/CE",-5.812400,-38.291900,20658.5
956,"Alto Santo/CE",-5.508940,-38.274300,20692.3
957,"São João do Jaguaribe/CE",-5.275160,-38.269400,20718.3
958,"Morada Nova/CE",-5.097360,-38.370200,20741.0
959,"Tabuleiro do Norte/CE",-5.243530,-38.128200,20772.4
960,"Limoeiro do Norte/CE",-5.143920,-38.084700,20784.5
961,"Quixeré/CE",-5.071480,-37.980200,20798.6
962,"Russas/CE",-4.926730,-37.972100,20814.7
963,"Palhano/CE",-4.736720,-37.965500,20835.8
964,"Fortim/CE",-4.451260,-37.798100,20872.6
965,"Aracati/CE",-4.558260,-37.767900,20884.9
966,"Itaiçaba/CE",-4.671460,-37.833000,20899.5
967,"Jaguaruana/CE",-4.831510,-37.781000,20918.2
968,"Baraúna/RN",-5.069770,-37.612900,20950.5
969,"Mossoró/RN",-5.183740,-37.347400,20982.6
970,"Icapuí/CE",-4.712060,-37.353100,21035.0
971,"Tibau/RN",-4.837290,-37.255400,21052.7
972,"Areia Branca/RN",-4.952540,-37.125200,21071.9
973,"Grossos/RN",-4.980680,-37.162100,21077.1
974,"Serra do Mel/RN",-5.177250,-37.024200,21103.8
975,"Porto do Mangue/RN",-5.054410,-36.788700,21133.2
976,"Macau/RN",-5.107950,-36.631800,21151.6
977,"Pendências/RN",-5.256400,-36.709500,21170.2
978,"Alto do Rodrigues/RN",-5.281860,-36.750000,21175.5
979,"Carnaubais/RN",-5.341810,-36.833500,21186.9
980,"Ipanguaçu/RN",-5.489840,-36.850100,21203.5
981,"Açu/RN",-5.583620,-36.914000,21216.1
982,"Itajá/RN",-5.638940,-36.871200,21223.8
983,"São Rafael/RN",-5.797910,-36.877800,21241.5
984,"Santana do Matos/RN",-5.946050,-36.657800,21270.9
985,"Lagoa Nova/RN",-6.093390,-36.470300,21297.3
986,"Cerro Corá/RN",-6.035030,-36.350300,21312.1
987,"Bodó/RN",-5.980270,-36.416700,21321.6
988,"Fernando Pedroza/RN",-5.690960,-36.528200,21356.1
989,"Angicos/RN",-5.657920,-36.609400,21365.8
990,"Afonso Bezerra/RN",-5.492290,-36.507500,21387.4
991,"Pedro Avelino/RN",-5.516100,-36.386700,21401.0
992,"Lajes/RN",-5.693220,-36.247000,21426.0
993,"Pedra Preta/RN",-5.573520,-36.108400,21446.4
994,"Jandaíra/RN",-5.352110,-36.127800,21471.1
995,"Guamaré/RN",-5.106190,-36.322200,21505.9
996,"Galinhos/RN",-5.090900,-36.275400,21511.3
997,"Caiçara do Norte/RN",-5.070910,-36.071700,21534.0
998,"São Bento do Norte/RN",-5.092590,-35.958700,21546.7
999,"Pedra Grande/RN",-5.149880,-35.876000,21557.9
1000,"Parazinho/RN",-5.222760,-35.839800,21566.9
1001,"São Miguel do Gostoso/RN",-5.123020,-35.635400,21592.1
1002,"Touros/RN",-5.201820,-35.462100,21613.2
1003,"Rio do Fogo/RN",-5.276500,-35.379400,21625.6
1004,"Pureza/RN",-5.463930,-35.555400,21654.1
1005,"Poço Branco/RN",-5.622330,-35.663500,21675.4
1006,"Taipu/RN",-5.630580,-35.591800,21683.4
1007,"Ceará-Mirim/RN",-5.643230,-35.424700,21702.0
1008,"Maxaranguape/RN",-5.521810,-35.263100,21724.4
1009,"Extremoz/RN",-5.701430,-35.304800,21744.9
1010,"Natal/RN",-5.793570,-35.198600,21760.5
1011,"São Gonçalo do Amarante/RN",-5.790680,-35.325700,21774.5
1012,"Macaíba/RN",-5.852290,-35.355200,21782.1
1013,"Parnamirim/RN",-5.911160,-35.271000,21793.5
1014,"Vera Cruz/RN",-6.043990,-35.428000,21816.3
1015,"Monte Alegre/RN",-6.070630,-35.325300,21828.0
1016,"São José de Mipibu/RN",-6.077300,-35.241700,21837.3
1017,"Nísia Floresta/RN",-6.093290,-35.199100,21842.3
1018,"Senador Georgino Avelino/RN",-6.157600,-35.129900,21852.8
1019,"Tibau do Sul/RN",-6.191760,-35.086600,21858.9
1020,"Arês/RN",-6.188310,-35.160800,21867.1
1021,"Goianinha/RN",-6.264860,-35.194300,21876.4
1022,"Espírito Santo/RN",-6.335630,-35.305200,21891.0
1023,"Várzea/RN",-6.346410,-35.373200,21898.6
1024,"Passagem/RN",-6.272680,-35.370000,21906.8
1025,"Jundiá/RN",-6.268660,-35.349500,21909.1
1026,"Brejinho/RN",-6.185660,-35.359100,21918.4
1027,"Lagoa de Pedras/RN",-6.150820,-35.429900,21927.1
1028,"Lagoa Salgada/RN",-6.122950,-35.472400,21932.8
1029,"Januário Cicco (Boa Saúde)/RN",-6.165660,-35.621900,21950.0
1030,"Serra Caiada/RN",-6.104780,-35.711300,21961.9
1031,"Senador Elói de Souza/RN",-6.033340,-35.697800,21970.0
1032,"Bom Jesus/RN",-5.986480,-35.579200,21984.1
1033,"São Pedro/RN",-5.905590,-35.631700,21994.8
1034,"Ielmo Marinho/RN",-5.824470,-35.550000,22007.6
1035,"Santa Maria/RN",-5.838020,-35.691400,22023.3
1036,"São Paulo do Potengi/RN",-5.899400,-35.764200,22033.9
1037,"Riachuelo/RN",-5.821560,-35.821500,22044.6
1038,"Bento Fernandes/RN",-5.699060,-35.813000,22058.3
1039,"João Câmara/RN",-5.540940,-35.812200,22075.8
1040,"Jardim de Angicos/RN",-5.649990,-35.971300,22097.2
1041,"Caiçara do Rio do Vento/RN",-5.765410,-35.993800,22110.3
1042,"São Tomé/RN",-5.964040,-36.079800,22134.3
1043,"Ruy Barbosa/RN",-5.887450,-35.933000,22152.7
1044,"Barcelona/RN",-5.942840,-35.924700,22158.9
1045,"Lagoa de Velhos/RN",-6.011900,-35.872900,22168.5
1046,"Sítio Novo/RN",-6.111320,-35.909000,22180.2
1047,"Tangará/RN",-6.196490,-35.798900,22195.7
1048,"São José do Campestre/RN",-6.310870,-35.706700,22211.9
1049,"Serra de São Bento/RN",-6.417620,-35.703300,22223.8
1050,"Monte das Gameleiras/RN",-6.436980,-35.783100,22232.9
1051,"Araruna/PB",-6.548480,-35.749800,22245.8
1052,"Cacimba de Dentro/PB",-6.638600,-35.777800,22256.3
1053,"Casserengue/PB",-6.779540,-35.817900,22272.6
1054,"Arara/PB",-6.828130,-35.755200,22281.4
1055,"Pilões/PB",-6.868270,-35.613000,22297.7
1056,"Serraria/PB",-6.815690,-35.628200,22303.8
1057,"Borborema/PB",-6.801990,-35.618700,22305.6
1058,"Bananeiras/PB",-6.747750,-35.624600,22311.7
1059,"Solânea/PB",-6.751610,-35.663600,22316.0
1060,"Dona Inês/PB",-6.615660,-35.620500,22331.9
1061,"Riachão/PB",-6.542690,-35.661000,22341.2
1062,"Tacima/PB",-6.487590,-35.636700,22347.8
1063,"Passa e Fica/RN",-6.430180,-35.644200,22354.3
1064,"Lagoa d'Anta/RN",-6.394930,-35.594900,22361.0
1065,"Serrinha/RN",-6.281810,-35.500000,22377.4
1066,"Santo Antônio/RN",-6.311950,-35.473900,22381.8
1067,"Nova Cruz/RN",-6.475110,-35.428600,22400.6
1068,"Montanhas/RN",-6.485220,-35.284200,22416.6
1069,"Pedro Velho/RN",-6.435600,-35.219500,22425.6
1070,"Canguaretama/RN",-6.371930,-35.128100,22438.0
1071,"Vila Flor/RN",-6.312870,-35.067000,22447.4
1072,"Baía Formosa/RN",-6.371610,-35.003300,22457.0
1073,"Mataraca/PB",-6.596730,-35.053100,22482.6
1074,"Baía da Traição/PB",-6.692090,-34.938100,22499.2
1075,"Marcação/PB",-6.765350,-35.008700,22510.4
1076,"Rio Tinto/PB",-6.803830,-35.077600,22519.2
1077,"Mamanguape/PB",-6.833700,-35.121300,22525.0
1078,"Capim/PB",-6.916240,-35.167300,22535.5
1079,"Cuité de Mamanguape/PB",-6.912920,-35.250200,22544.7
1080,"Itapororoca/PB",-6.823740,-35.240600,22554.6
1081,"Curral de Cima/PB",-6.723250,-35.263900,22566.1
1082,"Jacaraú/PB",-6.614530,-35.289000,22578.5
1083,"Pedro Régis/PB",-6.633230,-35.296600,22580.8
1084,"Lagoa de Dentro/PB",-6.672130,-35.370600,22590.0
1085,"Duas Estradas/PB",-6.684990,-35.418000,22595.4
1086,"Serra da Raiz/PB",-6.685270,-35.437900,22597.6
1087,"Logradouro/PB",-6.611910,-35.438400,22605.8
1088,"Caiçara/PB",-6.621150,-35.458100,22608.2
1089,"Belém/PB",-6.742610,-35.516600,22623.2
1090,"Pirpirituba/PB",-6.779220,-35.490600,22628.1
1091,"Sertãozinho/PB",-6.751270,-35.437200,22634.8
1092,"Araçagi/PB",-6.843740,-35.373700,22647.3
1093,"Guarabira/PB",-6.850640,-35.485000,22659.6
1094,"Pilõezinhos/PB",-6.842770,-35.531000,22664.7
1095,"Cuitegi/PB",-6.890580,-35.521500,22670.1
1096,"Alagoinha/PB",-6.946570,-35.533200,22676.5
1097,"Mulungu/PB",-7.025250,-35.460000,22688.4
1098,"Gurinhém/PB",-7.123300,-35.422200,22700.1
1099,"Mari/PB",-7.059420,-35.318000,22713.6
1100,"Caldas Brandão/PB",-7.102500,-35.327200,22718.5
1101,"Riachão do Poço/PB",-7.141730,-35.291400,22724.4
1102,"Sobrado/PB",-7.144290,-35.235700,22730.5
1103,"Sapé/PB",-7.093590,-35.228000,22736.2
1104,"Cruz do Espírito Santo/PB",-7.139020,-35.085700,22752.7
1105,"Santa Rita/PB",-7.117240,-34.975300,22765.1
1106,"Bayeux/PB",-7.123800,-34.929300,22770.3
1107,"Lucena/PB",-6.902580,-34.874800,22795.6
1108,"Cabedelo/PB",-6.987310,-34.828400,22806.3
1109,"João Pessoa/PB",-7.115090,-34.864100,22821.1
1110,"Conde/PB",-7.257460,-34.899900,22837.4
1111,"Alhandra/PB",-7.429770,-34.905700,22856.5
1112,"Pitimbu/PB",-7.466400,-34.815100,22867.3
1113,"Caaporã/PB",-7.513510,-34.905500,22878.6
1114,"Goiana/PE",-7.560600,-34.995900,22889.9
1115,"Condado/PE",-7.587870,-35.099900,22901.7
1116,"Itaquitinga/PE",-7.663730,-35.100200,22910.1
1117,"Araçoiaba/PE",-7.783910,-35.080900,22923.7
1118,"Itapissuma/PE",-7.767980,-34.897100,22944.0
1119,"Ilha de Itamaracá/PE",-7.747660,-34.830300,22951.7
1120,"Igarassu/PE",-7.828810,-34.901300,22963.6
1121,"Abreu e Lima/PE",-7.900720,-34.898400,22971.6
1122,"Paulista/PE",-7.934010,-34.868400,22976.6
1123,"Olinda/PE",-8.010170,-34.854500,22985.2
1124,"Recife/PE",-8.046660,-34.877100,22990.0
1125,"Camaragibe/PE",-8.023510,-34.978200,23001.4
1126,"São Lourenço da Mata/PE",-8.006840,-35.012400,23005.6
1127,"Jaboatão dos Guararapes/PE",-8.112980,-35.015000,23017.4
1128,"Moreno/PE",-8.108710,-35.083500,23025.0
1129,"Chã de Alegria/PE",-8.006790,-35.204000,23042.4
1130,"Paudalho/PE",-7.902870,-35.171600,23054.5
1131,"Carpina/PE",-7.845660,-35.251400,23065.4
1132,"Lagoa do Carro/PE",-7.843830,-35.310800,23071.9
1133,"Tracunhaém/PE",-7.802280,-35.231400,23081.8
1134,"Nazaré da Mata/PE",-7.741490,-35.219300,23088.7
1135,"Buenos Aires/PE",-7.724490,-35.318200,23099.7
1136,"Vicência/PE",-7.656550,-35.313900,23107.3
1137,"Aliança/PE",-7.603980,-35.222700,23118.9
1138,"Timbaúba/PE",-7.504840,-35.311900,23133.7
1139,"Ferreiros/PE",-7.446660,-35.237300,23144.2
1140,"Camutanga/PE",-7.405450,-35.266400,23149.8
1141,"Juripiranga/PB",-7.361760,-35.232100,23155.9
1142,"Itambé/PE",-7.414030,-35.096300,23172.0
1143,"Pedras de Fogo/PB",-7.391070,-35.106500,23174.8
1144,"São Miguel de Taipu/PB",-7.247640,-35.201600,23193.9
1145,"Pilar/PB",-7.264030,-35.252300,23199.7
1146,"Itabaiana/PB",-7.331670,-35.331700,23211.3
1147,"São José dos Ramos/PB",-7.252380,-35.372500,23221.2
1148,"Mogeiro/PB",-7.285170,-35.483200,23233.9
1149,"Salgado de São Félix/PB",-7.353370,-35.430500,23243.5
1150,"Macaparana/PE",-7.555640,-35.442500,23266.0
1151,"São Vicente Ferrer/PE",-7.589690,-35.480800,23271.7
1152,"Natuba/PB",-7.635140,-35.558600,23281.6
1153,"Machados/PE",-7.688270,-35.511400,23289.5
1154,"Orobó/PE",-7.745530,-35.595600,23300.8
1155,"Bom Jardim/PE",-7.796950,-35.578400,23306.8
1156,"João Alfredo/PE",-7.865650,-35.578700,23314.4
1157,"Limoeiro/PE",-7.872600,-35.440200,23329.7
1158,"Feira Nova/PE",-7.947040,-35.380100,23340.3
1159,"Lagoa de Itaenga/PE",-7.930050,-35.287400,23350.7
1160,"Glória do Goitá/PE",-8.005680,-35.290400,23359.1
1161,"Vitória de Santo Antão/PE",-8.128190,-35.297600,23372.7
1162,"Pombos/PE",-8.139820,-35.396700,23383.7
1163,"Chã Grande/PE",-8.238270,-35.457100,23396.5
1164,"Gravatá/PE",-8.211180,-35.567500,23409.1
1165,"Passira/PE",-7.997100,-35.581300,23432.9
1166,"Cumaru/PE",-8.008270,-35.695700,23445.6
1167,"Salgadinho/PE",-7.926900,-35.650300,23455.9
1168,"Surubim/PE",-7.847460,-35.748100,23469.8
1169,"Casinhas/PE",-7.740840,-35.720600,23482.1
1170,"Umbuzeiro/PB",-7.691990,-35.658200,23490.8
1171,"Aroeiras/PB",-7.544730,-35.706600,23508.1
1172,"Gado Bravo/PB",-7.582790,-35.789900,23518.2
1173,"Santa Cecília/PB",-7.738900,-35.876400,23538.0
1174,"Vertente do Lério/PE",-7.770840,-35.849100,23542.6
1175,"Santa Maria do Cambucá/PE",-7.836760,-35.894100,23551.5
1176,"Frei Miguelinho/PE",-7.939180,-35.911300,23563.0
1177,"Vertentes/PE",-7.901580,-35.968100,23570.5
1178,"Taquaritinga do Norte/PE",-7.894460,-36.042300,23578.8
1179,"Alcantil/PB",-7.736680,-36.051100,23596.3
1180,"Riacho de Santo Antônio/PB",-7.680230,-36.157000,23609.6
1181,"Barra de São Miguel/PB",-7.746030,-36.320900,23629.1
1182,"Santa Cruz do Capibaribe/PE",-7.948020,-36.206100,23654.8
1183,"Toritama/PE",-8.009550,-36.063700,23671.9
1184,"Caruaru/PE",-8.284550,-35.969900,23704.2
1185,"Riacho das Almas/PE",-8.137420,-35.864800,23724.3
1186,"Bezerros/PE",-8.232800,-35.796000,23737.3
1187,"Sairé/PE",-8.328640,-35.696700,23752.5
1188,"Camocim de São Félix/PE",-8.358650,-35.765300,23760.8
1189,"São Joaquim do Monte/PE",-8.431960,-35.803500,23770.0
1190,"Bonito/PE",-8.471630,-35.729200,23779.3
1191,"Barra de Guabiraba/PE",-8.420750,-35.658500,23788.9
1192,"Cortês/PE",-8.474430,-35.546800,23802.5
1193,"Gameleira/PE",-8.579800,-35.384600,23823.9
1194,"Ribeirão/PE",-8.509570,-35.369800,23831.8
1195,"Amaraji/PE",-8.376910,-35.450100,23849.0
1196,"Primavera/PE",-8.329990,-35.354400,23860.8
1197,"Escada/PE",-8.356720,-35.224100,23875.4
1198,"Cabo de Santo Agostinho/PE",-8.282180,-35.025300,23898.8
1199,"Ipojuca/PE",-8.393030,-35.060900,23911.8
1200,"Sirinhaém/PE",-8.587780,-35.112600,23934.1
1201,"Rio Formoso/PE",-8.659200,-35.153200,23943.3
1202,"Tamandaré/PE",-8.756650,-35.103300,23955.4
1203,"Barreiros/PE",-8.816050,-35.183200,23966.4
1204,"São José da Coroa Grande/PE",-8.889370,-35.151500,23975.3
1205,"Maragogi/AL",-9.007440,-35.226700,23990.8
1206,"Japaratinga/AL",-9.087460,-35.263400,24000.5
1207,"Porto de Pedras/AL",-9.160060,-35.304900,24009.8
1208,"Porto Calvo/AL",-9.051950,-35.398700,24025.6
1209,"Matriz de Camaragibe/AL",-9.154370,-35.524300,24043.5
1210,"Passo de Camaragibe/AL",-9.245110,-35.474500,24055.0
1211,"São Miguel dos Milagres/AL",-9.264930,-35.376300,24066.0
1212,"Barra de Santo Antônio/AL",-9.402300,-35.510100,24087.2
1213,"Paripueira/AL",-9.463130,-35.552000,24095.4
1214,"São Luís do Quitunde/AL",-9.318160,-35.560600,24111.5
1215,"Flexeiras/AL",-9.272810,-35.713900,24129.1
1216,"Joaquim Gomes/AL",-9.132800,-35.747400,24145.1
1217,"Colônia Leopoldina/AL",-8.918060,-35.721400,24169.1
1218,"Novo Lino/AL",-8.941910,-35.664000,24176.0
1219,"Jundiá/AL",-8.932970,-35.566900,24186.7
1220,"Jacuípe/AL",-8.839510,-35.459100,24202.4
1221,"Campestre/AL",-8.847230,-35.568500,24214.5
1222,"Xexéu/PE",-8.804600,-35.621200,24222.0
1223,"Água Preta/PE",-8.706090,-35.526300,24237.1
1224,"Joaquim Nabuco/PE",-8.622810,-35.528800,24246.3
1225,"Palmares/PE",-8.684230,-35.589000,24255.9
1226,"Catende/PE",-8.675090,-35.702400,24268.4
1227,"Jaqueira/PE",-8.726180,-35.794200,24279.9
1228,"Maraial/PE",-8.790620,-35.826600,24287.9
1229,"São Benedito do Sul/PE",-8.816600,-35.945300,24301.3
1230,"Quipapá/PE",-8.811750,-36.013700,24308.8
1231,"Jurema/PE",-8.707140,-36.134700,24326.5
1232,"Panelas/PE",-8.661210,-36.012500,24340.9
1233,"Cupira/PE",-8.624320,-35.951800,24348.7
1234,"Lagoa dos Gatos/PE",-8.660200,-35.904000,24355.3
1235,"Belém de Maria/PE",-8.625040,-35.833500,24364.0
1236,"Agrestina/PE",-8.459660,-35.944700,24386.1
1237,"Altinho/PE",-8.484820,-36.064400,24399.5
1238,"Ibirajuba/PE",-8.576330,-36.181200,24415.9
1239,"Cachoeirinha/PE",-8.486680,-36.240200,24427.8
1240,"São Bento do Una/PE",-8.526370,-36.446500,24450.9
1241,"Jucati/PE",-8.701950,-36.487100,24470.9
1242,"Jupi/PE",-8.709040,-36.412600,24479.2
1243,"Lajedo/PE",-8.657910,-36.329300,24489.9
1244,"Calçado/PE",-8.731080,-36.336600,24498.1
1245,"São João/PE",-8.875760,-36.365300,24514.5
1246,"Angelim/PE",-8.884290,-36.290200,24522.8
1247,"Canhotinho/PE",-8.876520,-36.197900,24533.0
1248,"São José da Laje/AL",-9.012780,-36.051500,24555.1
1249,"Ibateguara/AL",-8.978230,-35.937300,24568.2
1250,"União dos Palmares/AL",-9.159210,-36.022300,24590.4
1251,"Branquinha/AL",-9.233420,-36.016200,24598.7
1252,"Murici/AL",-9.306820,-35.942800,24610.1
1253,"Messias/AL",-9.393840,-35.839200,24625.1
1254,"Rio Largo/AL",-9.477830,-35.839400,24634.4
1255,"Satuba/AL",-9.569110,-35.822700,24644.7
1256,"Santa Luzia do Norte/AL",-9.603700,-35.823200,24648.6
1257,"Coqueiro Seco/AL",-9.637150,-35.799400,24653.1
1258,"Maceió/AL",-9.665990,-35.735000,24660.9
1259,"Marechal Deodoro/AL",-9.709710,-35.896700,24679.2
1260,"Pilar/AL",-9.601350,-35.954300,24692.8
1261,"Atalaia/AL",-9.511900,-36.008600,24704.4
1262,"Capela/AL",-9.415040,-36.082600,24717.9
1263,"Cajueiro/AL",-9.399400,-36.155900,24726.2
1264,"Viçosa/AL",-9.367630,-36.243100,24736.4
1265,"Chã Preta/AL",-9.255600,-36.298300,24750.2
1266,"Santana do Mundaú/AL",-9.171410,-36.217600,24763.1
1267,"Correntes/PE",-9.121170,-36.324400,24776.1
1268,"Palmeirina/PE",-9.010900,-36.324200,24788.3
1269,"Lagoa do Ouro/PE",-9.125670,-36.458400,24807.8
1270,"Quebrangulo/AL",-9.320010,-36.469200,24829.5
1271,"Paulo Jacinto/AL",-9.367920,-36.367200,24841.9
1272,"Pindoba/AL",-9.473820,-36.291800,24856.3
1273,"Mar Vermelho/AL",-9.447390,-36.388100,24867.2
1274,"Tanque d'Arca/AL",-9.533790,-36.436600,24878.2
1275,"Belém/AL",-9.570470,-36.490400,24885.4
1276,"Taquarana/AL",-9.645290,-36.492800,24893.7
1277,"Coité do Nóia/AL",-9.633480,-36.584500,24903.8
1278,"Limoeiro de Anadia/AL",-9.740980,-36.512100,24918.2
1279,"Arapiraca/AL",-9.754870,-36.661500,24934.6
1280,"Craíbas/AL",-9.617800,-36.769700,24953.9
1281,"Igaci/AL",-9.537680,-36.637200,24971.0
1282,"Palmeira dos Índios/AL",-9.405680,-36.632800,24985.7
1283,"Estrela de Alagoas/AL",-9.390890,-36.764400,25000.2
1284,"Minador do Negrão/AL",-9.312360,-36.869600,25014.7
1285,"Cacimbinhas/AL",-9.401210,-36.991100,25031.3
1286,"Dois Riachos/AL",-9.384650,-37.096500,25043.0
1287,"Major Isidoro/AL",-9.530090,-36.992000,25062.8
1288,"Jaramataia/AL",-9.662240,-37.004600,25077.6
1289,"Batalha/AL",-9.674200,-37.133000,25091.7
1290,"Jacaré dos Homens/AL",-9.635450,-37.207600,25100.9
1291,"Monteirópolis/AL",-9.603570,-37.250500,25106.8
1292,"Olivença/AL",-9.519540,-37.195400,25118.0
1293,"Olho d'Água das Flores/AL",-9.536860,-37.297100,25129.3
1294,"São José da Tapera/AL",-9.557680,-37.383100,25139.0
1295,"Senador Rui Palmeira/AL",-9.469860,-37.457600,25151.7
1296,"Carneiros/AL",-9.484760,-37.377300,25160.7
1297,"Santana do Ipanema/AL",-9.369990,-37.248000,25179.8
1298,"Poço das Trincheiras/AL",-9.307420,-37.288900,25188.0
1299,"Maravilha/AL",-9.230450,-37.352400,25199.1
1300,"Ouro Branco/AL",-9.158840,-37.355600,25207.0
1301,"Águas Belas/PE",-9.111250,-37.122600,25233.2
1302,"Iati/PE",-9.045590,-36.849800,25264.0
1303,"Bom Conselho/PE",-9.169190,-36.685700,25286.7
1304,"Terezinha/PE",-9.056210,-36.627200,25300.8
1305,"Brejão/PE",-9.029150,-36.566000,25308.1
1306,"Saloá/PE",-8.972300,-36.691000,25323.2
1307,"Paranatama/PE",-8.918750,-36.654900,25330.4
1308,"Garanhuns/PE",-8.882430,-36.496600,25348.2
1309,"Caetés/PE",-8.780300,-36.626800,25366.5
1310,"Capoeiras/PE",-8.734230,-36.630600,25371.7
1311,"Alagoinha/PE",-8.466500,-36.778800,25405.6
1312,"Venturosa/PE",-8.578850,-36.874200,25421.9
1313,"Pedra/PE",-8.496410,-36.940000,25433.6
1314,"Arcoverde/PE",-8.415190,-37.057700,25449.4
1315,"Buíque/PE",-8.619540,-37.160600,25474.8
1316,"Tupanatinga/PE",-8.747980,-37.344500,25499.5
1317,"Itaíba/PE",-8.945690,-37.417300,25522.9
1318,"Manari/PE",-8.964900,-37.631300,25546.5
1319,"Canapi/AL",-9.119320,-37.596700,25564.1
1320,"Mata Grande/AL",-9.118240,-37.732300,25579.0
1321,"Inhapi/AL",-9.225940,-37.750900,25591.1
1322,"Água Branca/AL",-9.262000,-37.938000,25612.0
1323,"Pariconha/AL",-9.256340,-37.998800,25618.7
1324,"Delmiro Gouveia/AL",-9.385340,-37.998700,25633.1
1325,"Olho d'Água do Casado/AL",-9.503570,-37.830100,25655.8
1326,"Piranhas/AL",-9.624000,-37.757000,25671.4
1327,"Canindé de São Francisco/SE",-9.648820,-37.792300,25676.1
1328,"Poço Redondo/SE",-9.806160,-37.683300,25697.3
1329,"Pedro Alexandre/BA",-10.012000,-37.893200,25729.8
1330,"Coronel João Sá/BA",-10.284700,-37.919800,25760.2
1331,"Carira/SE",-10.352400,-37.700200,25785.4
1332,"Nossa Senhora Aparecida/SE",-10.394400,-37.451700,25813.0
1333,"São Miguel do Aleixo/SE",-10.384700,-37.383600,25820.5
1334,"Ribeirópolis/SE",-10.535700,-37.438000,25838.3
1335,"Moita Bonita/SE",-10.576900,-37.351200,25848.9
1336,"Malhador/SE",-10.664900,-37.300400,25860.1
1337,"Areia Branca/SE",-10.758000,-37.325100,25870.8
1338,"Laranjeiras/SE",-10.798100,-37.173100,25888.0
1339,"Riachuelo/SE",-10.735000,-37.196600,25895.5
1340,"Divina Pastora/SE",-10.678200,-37.150600,25903.5
1341,"Santa Rosa de Lima/SE",-10.643400,-37.193100,25909.6
1342,"Siriri/SE",-10.596500,-37.113100,25919.8
1343,"Capela/SE",-10.506900,-37.062800,25931.1
1344,"Nossa Senhora das Dores/SE",-10.485400,-37.196300,25945.9
1345,"Cumbe/SE",-10.352000,-37.184600,25960.8
1346,"Gracho Cardoso/SE",-10.225200,-37.200600,25975.0
1347,"Feira Nova/SE",-10.261600,-37.314700,25988.2
1348,"Nossa Senhora da Glória/SE",-10.215800,-37.421100,26000.9
1349,"Monte Alegre de Sergipe/SE",-10.025600,-37.561600,26027.0
1350,"Pão de Açúcar/AL",-9.740320,-37.440300,26061.4
1351,"Palestina/AL",-9.674930,-37.339000,26074.7
1352,"Belo Monte/AL",-9.822720,-37.277000,26092.5
1353,"Porto da Folha/SE",-9.916260,-37.284200,26102.9
1354,"Gararu/SE",-9.972200,-37.086900,26125.4
1355,"Traipu/AL",-9.962620,-37.007100,26134.2
1356,"Nossa Senhora de Lourdes/SE",-10.077200,-37.061500,26148.3
1357,"Itabi/SE",-10.124800,-37.105600,26155.4
1358,"Canhoba/SE",-10.136500,-36.980600,26169.2
1359,"Amparo de São Francisco/SE",-10.134800,-36.935000,26174.2
1360,"São Brás/AL",-10.114100,-36.852200,26183.5
1361,"Olho d'Água Grande/AL",-10.057200,-36.810100,26191.3
1362,"Campo Grande/AL",-9.955420,-36.792600,26202.8
1363,"Girau do Ponciano/AL",-9.884040,-36.831600,26211.8
1364,"Lagoa da Canoa/AL",-9.832910,-36.741300,26223.2
1365,"Feira Grande/AL",-9.898590,-36.681500,26233.0
1366,"São Sebastião/AL",-9.930430,-36.559000,26246.9
1367,"Junqueiro/AL",-9.906960,-36.480300,26255.9
1368,"Teotônio Vilela/AL",-9.916560,-36.349200,26270.3
1369,"Campo Alegre/AL",-9.784510,-36.352500,26285.0
1370,"Anadia/AL",-9.684890,-36.307800,26297.1
1371,"Maribondo/AL",-9.583530,-36.304500,26308.4
1372,"Boca da Mata/AL",-9.643080,-36.212500,26320.5
1373,"São Miguel dos Campos/AL",-9.783010,-36.097100,26340.5
1374,"Roteiro/AL",-9.835030,-35.978200,26354.8
1375,"Barra de São Miguel/AL",-9.838420,-35.905700,26362.7
1376,"Jequiá da Praia/AL",-10.013300,-36.014200,26385.5
1377,"Coruripe/AL",-10.127600,-36.171700,26406.9
1378,"Feliz Deserto/AL",-10.293500,-36.302800,26430.3
1379,"Piaçabuçu/AL",-10.406000,-36.434000,26449.3
1380,"Brejo Grande/SE",-10.429700,-36.461100,26453.3
1381,"Ilha das Flores/SE",-10.442500,-36.547900,26462.9
1382,"Pacatuba/SE",-10.453800,-36.653100,26474.5
1383,"Neópolis/SE",-10.321500,-36.585000,26491.0
1384,"Penedo/AL",-10.287400,-36.581900,26494.8
1385,"Santana do São Francisco/SE",-10.292200,-36.610500,26498.0
1386,"Igreja Nova/AL",-10.123500,-36.659700,26517.5
1387,"Porto Real do Colégio/AL",-10.184900,-36.837600,26538.1
1388,"Propriá/SE",-10.213800,-36.844200,26541.4
1389,"Telha/SE",-10.206400,-36.881800,26545.6
1390,"Cedro de São João/SE",-10.253400,-36.885600,26550.8
1391,"Japoatã/SE",-10.347700,-36.804500,26564.6
1392,"São Francisco/SE",-10.344200,-36.886900,26573.6
1393,"Malhada dos Bois/SE",-10.341800,-36.925200,26577.8
1394,"Aquidabã/SE",-10.278000,-37.014800,26589.9
1395,"Muribeca/SE",-10.427100,-36.958800,26607.6
1396,"Japaratuba/SE",-10.584900,-36.941800,26625.2
1397,"Pirambu/SE",-10.721500,-36.854400,26643.2
1398,"General Maynard/SE",-10.683500,-36.983800,26657.9
1399,"Carmópolis/SE",-10.644900,-36.988700,26662.2
1400,"Rosário do Catete/SE",-10.690400,-37.035700,26669.4
1401,"Maruim/SE",-10.730800,-37.085600,26676.5
1402,"Santo Amaro das Brotas/SE",-10.789200,-37.056400,26683.7
1403,"Nossa Senhora do Socorro/SE",-10.846800,-37.123100,26693.4
1404,"Barra dos Coqueiros/SE",-10.899600,-37.032300,26705.0
1405,"Aracaju/SE",-10.909100,-37.067700,26709.0
1406,"São Cristóvão/SE",-11.008400,-37.204400,26727.5
1407,"Itaporanga d'Ajuda/SE",-10.990000,-37.307800,26739.0
1408,"Salgado/SE",-11.028800,-37.480400,26758.3
1409,"Estância/SE",-11.265900,-37.448400,26784.9
1410,"Santa Luzia do Itanhy/SE",-11.353600,-37.458600,26794.7
1411,"Indiaroba/SE",-11.515700,-37.515000,26813.8
1412,"Conde/BA",-11.817900,-37.613100,26849.0
1413,"Jandaíra/BA",-11.561600,-37.785300,26883.2
1414,"Cristinápolis/SE",-11.466800,-37.758500,26894.1
1415,"Tomar do Geru/SE",-11.369400,-37.843300,26908.3
1416,"Rio Real/BA",-11.481400,-37.933200,26924.2
1417,"Crisópolis/BA",-11.505900,-38.151500,26948.1
1418,"Aporá/BA",-11.657700,-38.081400,26966.7
1419,"Acajutiba/BA",-11.657500,-38.019700,26973.4
1420,"Esplanada/BA",-11.794200,-37.943200,26990.7
1421,"Cardeal da Silva/BA",-11.947200,-37.946900,27007.7
1422,"Entre Rios/BA",-11.939200,-38.087100,27023.0
1423,"Inhambupe/BA",-11.781000,-38.355000,27057.1
1424,"Sátiro Dias/BA",-11.592900,-38.593800,27090.4
1425,"Biritinga/BA",-11.607200,-38.805100,27113.5
1426,"Água Fria/BA",-11.861800,-38.763900,27142.2
1427,"Lamarão/BA",-11.773000,-38.887000,27158.8
1428,"Serrinha/BA",-11.658400,-39.010000,27177.3
1429,"Candeal/BA",-11.804900,-39.120300,27197.5
1430,"Ichu/BA",-11.743100,-39.190500,27207.8
1431,"Riachão do Jacuípe/BA",-11.806700,-39.381800,27229.8
1432,"Pé de Serra/BA",-11.831300,-39.611000,27254.9
1433,"Nova Fátima/BA",-11.603100,-39.630200,27280.3
1434,"Gavião/BA",-11.468800,-39.775700,27302.1
1435,"São José do Jacuípe/BA",-11.413700,-39.866900,27313.8
1436,"Capim Grosso/BA",-11.379700,-40.008900,27329.7
1437,"Quixabeira/BA",-11.403100,-40.120000,27342.1
1438,"Serrolândia/BA",-11.408500,-40.298300,27361.6
1439,"Várzea do Poço/BA",-11.527300,-40.314900,27374.9
1440,"Miguel Calmon/BA",-11.429900,-40.603100,27408.1
1441,"Piritiba/BA",-11.730000,-40.558700,27441.8
1442,"Mundo Novo/BA",-11.854100,-40.471400,27458.6
1443,"Tapiramutá/BA",-11.847500,-40.792700,27493.6
1444,"Ruy Barbosa/BA",-12.281600,-40.493100,27551.8
1445,"Macajuba/BA",-12.132600,-40.357100,27574.0
1446,"Baixa Grande/BA",-11.951900,-40.169000,27602.7
1447,"Mairi/BA",-11.710700,-40.143700,27629.6
1448,"Várzea da Roça/BA",-11.600500,-40.132800,27642.0
1449,"Capela do Alto Alegre/BA",-11.665800,-39.834900,27675.2
1450,"Pintadas/BA",-11.811700,-39.900900,27692.9
1451,"Ipirá/BA",-12.156100,-39.735900,27735.2
1452,"Rafael Jambeiro/BA",-12.405300,-39.500700,27772.9
1453,"Ipecaetá/BA",-12.302800,-39.306900,27796.9
1454,"Serra Preta/BA",-12.156000,-39.330500,27813.4
1455,"Anguera/BA",-12.146200,-39.246200,27822.6
1456,"Tanquinho/BA",-11.968000,-39.103300,27847.8
1457,"Santa Bárbara/BA",-11.951500,-38.968100,27862.6
1458,"Santanópolis/BA",-12.031100,-38.869400,27876.5
1459,"Irará/BA",-12.050400,-38.763100,27888.3
1460,"Coração de Maria/BA",-12.233300,-38.748700,27908.7
1461,"Conceição do Jacuípe/BA",-12.326800,-38.768400,27919.3
1462,"Amélia Rodrigues/BA",-12.391400,-38.756300,27926.6
1463,"Santo Amaro/BA",-12.547200,-38.713700,27944.5
1464,"São Francisco do Conde/BA",-12.618300,-38.678600,27953.3
1465,"Madre de Deus/BA",-12.744600,-38.615300,27968.9
1466,"Candeias/BA",-12.671600,-38.547200,27979.9
1467,"São Sebastião do Passé/BA",-12.512300,-38.490500,27998.7
1468,"Terra Nova/BA",-12.388800,-38.623800,28018.6
1469,"Teodoro Sampaio/BA",-12.295000,-38.634700,28029.1
1470,"Pedrão/BA",-12.149100,-38.648700,28045.4
1471,"Ouriçangas/BA",-12.017500,-38.616600,28060.5
1472,"Aramari/BA",-12.088400,-38.496900,28075.7
1473,"Alagoinhas/BA",-12.133500,-38.420800,28085.4
1474,"Araças/BA",-12.220000,-38.202700,28110.9
1475,"Itanagra/BA",-12.261400,-38.043600,28128.8
1476,"Catu/BA",-12.351300,-38.379100,28166.6
1477,"Pojuca/BA",-12.430300,-38.337400,28176.5
1478,"Mata de São João/BA",-12.530700,-38.300900,28188.4
1479,"Dias d'Ávila/BA",-12.618700,-38.292600,28198.2
1480,"Camaçari/BA",-12.699600,-38.326300,28207.9
1481,"Simões Filho/BA",-12.786600,-38.402900,28220.6
1482,"Lauro de Freitas/BA",-12.897800,-38.321000,28235.9
1483,"Salvador/BA",-12.971800,-38.501100,28257.0
1484,"Vera Cruz/BA",-12.956800,-38.615300,28269.5
1485,"Itaparica/BA",-12.893200,-38.680000,28279.5
1486,"Salinas da Margarida/BA",-12.873000,-38.756200,28288.0
1487,"Saubara/BA",-12.738700,-38.762500,28303.0
1488,"Maragogipe/BA",-12.776000,-38.917500,28320.3
1489,"São Felipe/BA",-12.839400,-39.089300,28340.2
1490,"Conceição do Almeida/BA",-12.783600,-39.171500,28351.1
1491,"Sapeaçu/BA",-12.720800,-39.182400,28358.2
1492,"Cruz das Almas/BA",-12.667500,-39.100800,28368.8
1493,"Governador Mangabeira/BA",-12.599400,-39.041200,28378.8
1494,"Muritiba/BA",-12.632900,-38.992100,28385.3
1495,"São Félix/BA",-12.610400,-38.972700,28388.6
1496,"Cachoeira/BA",-12.599400,-38.958700,28390.5
1497,"Conceição da Feira/BA",-12.507800,-38.997800,28401.5
1498,"São Gonçalo dos Campos/BA",-12.433100,-38.966300,28410.5
1499,"Feira de Santana/BA",-12.266400,-38.966300,28429.1
1500,"Antônio Cardoso/BA",-12.433500,-39.117600,28453.9
1501,"Santo Estêvão/BA",-12.428000,-39.250500,28468.3
1502,"Cabaceiras do Paraguaçu/BA",-12.531700,-39.190200,28481.6
1503,"Castro Alves/BA",-12.757900,-39.424800,28517.4
1504,"Santa Teresinha/BA",-12.769700,-39.521500,28527.9
1505,"Itatim/BA",-12.709900,-39.695200,28547.9
1506,"Milagres/BA",-12.864600,-39.861100,28572.8
1507,"Brejões/BA",-13.103900,-39.798800,28600.2
1508,"Amargosa/BA",-13.021500,-39.602000,28623.4
1509,"Elísio Medrado/BA",-12.941700,-39.519100,28636.1
1510,"São Miguel das Matas/BA",-13.043400,-39.457800,28649.2
1511,"Varzedo/BA",-12.967200,-39.391900,28660.3
1512,"Santo Antônio de Jesus/BA",-12.961400,-39.258400,28674.7
1513,"Dom Macedo Costa/BA",-12.901600,-39.192300,28684.5
1514,"Muniz Ferreira/BA",-13.009200,-39.109200,28699.5
1515,"Nazaré/BA",-13.023500,-39.010800,28710.3
1516,"Aratuípe/BA",-13.071600,-39.003800,28715.7
1517,"Jaguaripe/BA",-13.110900,-38.893900,28728.4
1518,"Valença/BA",-13.366900,-39.073000,28762.8
1519,"Cairu/BA",-13.490400,-39.046500,28776.8
1520,"Taperoá/BA",-13.532100,-39.100900,28784.3
1521,"Nilo Peçanha/BA",-13.604000,-39.109100,28792.4
1522,"Ituberá/BA",-13.724900,-39.148100,28806.4
1523,"Igrapiúna/BA",-13.829500,-39.136100,28818.1
1524,"Camamu/BA",-13.939800,-39.107100,28830.8
1525,"Maraú/BA",-14.103500,-39.013700,28851.6
1526,"Itacaré/BA",-14.278400,-38.995900,28871.2
1527,"Uruçuca/BA",-14.596300,-39.285100,28918.3
1528,"Itajuípe/BA",-14.678800,-39.369800,28931.2
1529,"Itabuna/BA",-14.787600,-39.278100,28946.8
1530,"Ilhéus/BA",-14.793000,-39.046000,28971.8
1531,"Una/BA",-15.279100,-39.076500,29025.9
1532,"Santa Luzia/BA",-15.434200,-39.328700,29058.0
1533,"Mascote/BA",-15.554200,-39.301600,29071.6
1534,"Canavieiras/BA",-15.672200,-38.953600,29111.2
1535,"Belmonte/BA",-15.860800,-38.875800,29133.7
1536,"Santa Cruz Cabrália/BA",-16.282500,-39.029500,29183.4
1537,"Porto Seguro/BA",-16.443500,-39.064300,29201.7
1538,"Itamaraju/BA",-17.037800,-39.538600,29284.9
1539,"Prado/BA",-17.336400,-39.222700,29332.1
1540,"Alcobaça/BA",-17.519500,-39.203600,29352.5
1541,"Caravelas/BA",-17.726800,-39.259700,29376.3
1542,"Nova Viçosa/BA",-17.892600,-39.374300,29398.4
1543,"Mucuri/BA",-18.075400,-39.556500,29426.4
1544,"Teixeira de Freitas/BA",-17.539900,-39.740000,29489.0
1545,"Ibirapuã/BA",-17.683200,-40.112900,29531.7
1546,"Serra dos Aimorés/MG",-17.787200,-40.245300,29549.8
1547,"Lajedão/BA",-17.605600,-40.338300,29572.3
1548,"Medeiros Neto/BA",-17.370700,-40.223800,29601.1
1549,"Vereda/BA",-17.218300,-40.097400,29622.7
1550,"Itanhém/BA",-17.164200,-40.332100,29648.4
1551,"Umburatiba/MG",-17.254800,-40.577900,29676.3
1552,"Bertópolis/MG",-17.059000,-40.580000,29698.1
1553,"Santa Helena de Minas/MG",-16.970700,-40.672700,29712.0
1554,"Machacalis/MG",-17.072300,-40.724500,29724.6
1555,"Fronteira dos Vales/MG",-16.889800,-40.923000,29753.9
1556,"Águas Formosas/MG",-17.080200,-40.938400,29775.1
1557,"Crisólita/MG",-17.238100,-40.918400,29792.8
1558,"Novo Oriente de Minas/MG",-17.408900,-41.219400,29830.0
1559,"Pavão/MG",-17.426700,-41.003500,29853.0
1560,"Carlos Chagas/MG",-17.697300,-40.772300,29891.8
1561,"Nanuque/MG",-17.848100,-40.353300,29939.2
1562,"Montanha/ES",-18.130300,-40.366800,29970.6
1563,"Mucurici/ES",-18.096500,-40.520000,29987.2
1564,"Ponto Belo/ES",-18.125300,-40.545800,29991.4
1565,"Ecoporanga/ES",-18.370200,-40.836000,30032.4
1566,"Água Doce do Norte/ES",-18.548200,-40.985400,30057.7
1567,"Nova Belém/MG",-18.492500,-41.110700,30072.3
1568,"Itabirinha/MG",-18.571200,-41.234000,30088.0
1569,"São José do Divino/MG",-18.479300,-41.390700,30107.4
1570,"Nova Módica/MG",-18.441700,-41.498400,30119.5
1571,"São Félix de Minas/MG",-18.595900,-41.488900,30136.7
1572,"Mendes Pimentel/MG",-18.663100,-41.405200,30148.3
1573,"Divino das Laranjeiras/MG",-18.775500,-41.478100,30162.9
1574,"Central de Minas/MG",-18.761200,-41.314300,30180.3
1575,"São Geraldo do Baixio/MG",-18.909700,-41.363000,30197.5
1576,"Goiabeira/MG",-18.980700,-41.223500,30214.2
1577,"Alto Rio Novo/ES",-19.061800,-41.020900,30237.3
1578,"Cuparaque/MG",-18.964800,-41.098600,30250.9
1579,"Mantenópolis/ES",-18.859400,-41.124000,30262.9
1580,"São João do Manteninha/MG",-18.723000,-41.162800,30278.6
1581,"Mantena/MG",-18.776100,-40.987400,30298.0
1582,"Barra de São Francisco/ES",-18.754800,-40.896500,30307.8
1583,"Vila Pavão/ES",-18.609100,-40.609000,30342.2
1584,"Nova Venécia/ES",-18.715000,-40.405300,30366.7
1585,"Boa Esperança/ES",-18.539500,-40.302500,30389.0
1586,"Pinheiros/ES",-18.414100,-40.217100,30405.6
1587,"Pedro Canário/ES",-18.300400,-39.957400,30435.8
1588,"Conceição da Barra/ES",-18.588300,-39.736200,30475.4
1589,"São Mateus/ES",-18.721400,-39.857900,30495.0
1590,"Jaguaré/ES",-18.907000,-40.075900,30525.8
1591,"Sooretama/ES",-19.189700,-40.097400,30557.3
1592,"Linhares/ES",-19.394600,-40.064300,30580.4
1593,"Aracruz/ES",-19.820000,-40.276400,30632.6
1594,"João Neiva/ES",-19.757700,-40.386000,30646.0
1595,"Ibiraçu/ES",-19.836600,-40.373200,30654.9
1596,"Fundão/ES",-19.937000,-40.407800,30666.7
1597,"Santa Teresa/ES",-19.936300,-40.597900,30686.5
1598,"Santa Maria de Jetibá/ES",-20.025300,-40.743900,30704.7
1599,"Santa Leopoldina/ES",-20.099900,-40.527000,30728.8
1600,"Serra/ES",-20.121000,-40.307400,30751.9
1601,"Vila Velha/ES",-20.341700,-40.287500,30776.5
1602,"Vitória/ES",-20.315500,-40.312800,30780.4
1603,"Cariacica/ES",-20.263200,-40.416500,30792.7
1604,"Viana/ES",-20.382500,-40.493300,30808.2
1605,"Domingos Martins/ES",-20.360300,-40.659400,30825.7
1606,"Marechal Floriano/ES",-20.415900,-40.670000,30832.0
1607,"Alfredo Chaves/ES",-20.639600,-40.754300,30858.4
1608,"Guarapari/ES",-20.677200,-40.509300,30884.2
1609,"Anchieta/ES",-20.795500,-40.642500,30903.3
1610,"Piúma/ES",-20.833400,-40.726800,30913.0
1611,"Iconha/ES",-20.791300,-40.813200,30923.1
1612,"Rio Novo do Sul/ES",-20.855600,-40.938800,30938.0
1613,"Itapemirim/ES",-21.009500,-40.830700,30958.5
1614,"Marataízes/ES",-21.039800,-40.838400,30962.0
1615,"Presidente Kennedy/ES",-21.096400,-41.046800,30984.5
1616,"São Francisco de Itabapoana/RJ",-21.470200,-41.109100,31026.5
1617,"São João da Barra/RJ",-21.638000,-41.044600,31046.4
1618,"Campos dos Goytacazes/RJ",-21.762200,-41.318100,31077.8
1619,"Cardoso Moreira/RJ",-21.484600,-41.616500,31121.4
1620,"Italva/RJ",-21.429600,-41.701400,31132.2
1621,"São Fidélis/RJ",-21.655100,-41.756000,31157.9
1622,"Cambuci/RJ",-21.569100,-41.918700,31177.2
1623,"Itaocara/RJ",-21.674800,-42.075800,31197.3
1624,"Aperibé/RJ",-21.625200,-42.101700,31203.4
1625,"Santo Antônio de Pádua/RJ",-21.541000,-42.183200,31216.0
1626,"Miracema/RJ",-21.414800,-42.193800,31230.1
1627,"Palma/MG",-21.374800,-42.312300,31243.1
1628,"Barão de Monte Alto/MG",-21.244400,-42.237200,31259.6
1629,"Muriaé/MG",-21.130000,-42.369300,31278.3
1630,"Rosário da Limeira/MG",-20.981200,-42.511200,31300.4
1631,"Miradouro/MG",-20.889900,-42.345800,31320.4
1632,"Vieiras/MG",-20.867000,-42.240100,31331.6
1633,"Pedra Dourada/MG",-20.826600,-42.151500,31341.9
1634,"São Francisco do Glória/MG",-20.792300,-42.267300,31354.5
1635,"Fervedouro/MG",-20.726000,-42.279000,31362.0
1636,"Divino/MG",-20.613400,-42.143800,31380.8
1637,"Carangola/MG",-20.734300,-42.031300,31398.6
1638,"Faria Lemos/MG",-20.809700,-42.021300,31407.1
1639,"Tombos/MG",-20.908600,-42.022800,31418.1
1640,"Porciúncula/RJ",-20.963200,-42.046500,31424.6
1641,"Natividade/RJ",-21.039000,-41.969700,31436.2
1642,"Antônio Prado de Minas/MG",-21.019200,-42.110900,31451.0
1643,"Eugenópolis/MG",-21.100200,-42.187800,31463.1
1644,"Patrocínio do Muriaé/MG",-21.154400,-42.212500,31469.6
1645,"Laje do Muriaé/RJ",-21.209100,-42.127100,31480.4
1646,"São José de Ubá/RJ",-21.366100,-41.951100,31505.6
1647,"Itaperuna/RJ",-21.199700,-41.879900,31525.5
1648,"Bom Jesus do Itabapoana/RJ",-21.144900,-41.682200,31546.9
1649,"Bom Jesus do Norte/ES",-21.117300,-41.673100,31550.1
1650,"Apiacá/ES",-21.152300,-41.569300,31561.6
1651,"São José do Calçado/ES",-21.027400,-41.663600,31578.6
1652,"Varre-Sai/RJ",-20.927600,-41.870100,31602.7
1653,"Dores do Rio Preto/ES",-20.693100,-41.840500,31629.0
1654,"Caiana/MG",-20.695600,-41.929200,31638.2
1655,"Espera Feliz/MG",-20.650800,-41.911900,31643.5
1656,"Caparaó/MG",-20.528900,-41.906100,31657.1
1657,"Alto Caparaó/MG",-20.431000,-41.873800,31668.5
1658,"Alto Jequitibá/MG",-20.420800,-41.967000,31678.2
1659,"Manhumirim/MG",-20.359100,-41.958900,31685.1
1660,"Manhuaçu/MG",-20.257200,-42.028000,31698.6
1661,"Reduto/MG",-20.240100,-41.984800,31703.5
1662,"Martins Soares/MG",-20.254600,-41.878600,31714.7
1663,"Durandé/MG",-20.205800,-41.797700,31724.7
1664,"Santana do Manhuaçu/MG",-20.103100,-41.927800,31742.4
1665,"Simonésia/MG",-20.134100,-42.009100,31751.6
1666,"Santa Bárbara do Leste/MG",-19.975300,-42.145700,31774.3
1667,"Santa Rita de Minas/MG",-19.876000,-42.136300,31785.4
1668,"Caratinga/MG",-19.786800,-42.129200,31795.3
1669,"Piedade de Caratinga/MG",-19.759300,-42.075600,31801.7
1670,"Ubaporanga/MG",-19.635100,-42.105900,31815.9
1671,"Imbé de Minas/MG",-19.601700,-41.969500,31830.6
1672,"São Domingos das Dores/MG",-19.524600,-42.010600,31840.2
1673,"São Sebastião do Anta/MG",-19.506400,-41.985000,31843.6
1674,"Alvarenga/MG",-19.417400,-41.731700,31871.9
1675,"Pocrane/MG",-19.620800,-41.633400,31896.8
1676,"Mutum/MG",-19.812100,-41.440700,31926.1
1677,"Taparuba/MG",-19.762100,-41.608000,31944.5
1678,"Ipanema/MG",-19.799200,-41.716400,31956.5
1679,"Conceição de Ipanema/MG",-19.932600,-41.690800,31971.6
1680,"São José do Mantimento/MG",-20.005800,-41.748600,31981.8
1681,"Chalé/MG",-20.045300,-41.689700,31989.3
1682,"Lajinha/MG",-20.153900,-41.622800,32003.3
1683,"Ibatiba/ES",-20.234700,-41.508700,32018.2
1684,"Iúna/ES",-20.353100,-41.533400,32031.6
1685,"Irupi/ES",-20.350100,-41.644400,32043.2
1686,"Ibitirama/ES",-20.546600,-41.666700,32065.2
1687,"Divino de São Lourenço/ES",-20.622900,-41.693700,32074.1
1688,"Guaçuí/ES",-20.766800,-41.673400,32090.2
1689,"Alegre/ES",-20.758000,-41.538200,32104.3
1690,"Jerônimo Monteiro/ES",-20.799400,-41.394800,32119.9
1691,"Muqui/ES",-20.950900,-41.346000,32137.5
1692,"Mimoso do Sul/ES",-21.062800,-41.361500,32150.1
1693,"Atilio Vivacqua/ES",-20.913000,-41.198600,32173.8
1694,"Cachoeiro de Itapemirim/ES",-20.846200,-41.119800,32184.9
1695,"Vargem Alta/ES",-20.669000,-41.017900,32207.2
1696,"Castelo/ES",-20.603300,-41.203100,32227.8
1697,"Muniz Freire/ES",-20.465200,-41.415600,32254.8
1698,"Conceição do Castelo/ES",-20.363900,-41.241700,32276.1
1699,"Venda Nova do Imigrante/ES",-20.327000,-41.135500,32287.9
1700,"Brejetuba/ES",-20.139500,-41.295400,32314.6
1701,"Afonso Cláudio/ES",-20.077800,-41.126100,32333.6
1702,"Laranja da Terra/ES",-19.899400,-41.062100,32354.5
1703,"Itarana/ES",-19.875000,-40.875300,32374.2
1704,"Itaguaçu/ES",-19.801800,-40.860100,32382.5
1705,"São Roque do Canaã/ES",-19.741100,-40.652600,32405.3
1706,"Colatina/ES",-19.549300,-40.626900,32426.8
1707,"Marilândia/ES",-19.411400,-40.545600,32444.3
1708,"Rio Bananal/ES",-19.271900,-40.336600,32471.2
1709,"Governador Lindenberg/ES",-19.186400,-40.447300,32486.2
1710,"Vila Valério/ES",-18.995800,-40.384900,32508.4
1711,"São Gabriel da Palha/ES",-19.018200,-40.536500,32524.5
1712,"São Domingos do Norte/ES",-19.145200,-40.628100,32541.6
1713,"Águia Branca/ES",-18.984600,-40.743700,32563.2
1714,"Pancas/ES",-19.222900,-40.853400,32592.1
1715,"Baixo Guandu/ES",-19.521300,-41.010900,32629.1
1716,"Aimorés/MG",-19.500700,-41.074600,32636.2
1717,"Itueta/MG",-19.399900,-41.174600,32651.6
1718,"Resplendor/MG",-19.319400,-41.246200,32663.2
1719,"Santa Rita do Itueto/MG",-19.357600,-41.382100,32678.1
1720,"Conselheiro Pena/MG",-19.178900,-41.473600,32700.2
1721,"Galiléia/MG",-19.000500,-41.538700,32721.2
1722,"Tumiritinga/MG",-18.984400,-41.652700,32733.3
1723,"Governador Valadares/MG",-18.854500,-41.955500,32768.3
1724,"Alpercata/MG",-18.974000,-41.970000,32781.6
1725,"Capitão Andrade/MG",-19.074800,-41.861400,32797.6
1726,"Itanhomi/MG",-19.173600,-41.863000,32808.6
1727,"Tarumirim/MG",-19.283500,-42.009700,32828.3
1728,"Sobrália/MG",-19.234500,-42.099800,32839.2
1729,"Engenheiro Caldas/MG",-19.206500,-42.050300,32845.3
1730,"Fernandes Tourinho/MG",-19.154100,-42.080300,32851.9
1731,"Periquito/MG",-19.157300,-42.233300,32868.0
1732,"Naque/MG",-19.229100,-42.331200,32881.0
1733,"Belo Oriente/MG",-19.219900,-42.482800,32896.9
1734,"Açucena/MG",-19.067100,-42.541900,32915.0
1735,"Braúnas/MG",-19.056200,-42.709900,32932.7
1736,"Joanésia/MG",-19.172900,-42.677500,32946.1
1737,"Mesquita/MG",-19.224000,-42.607900,32955.4
1738,"Santana do Paraíso/MG",-19.366100,-42.544600,32972.5
1739,"Coronel Fabriciano/MG",-19.517900,-42.627600,32991.5
1740,"Timóteo/MG",-19.581100,-42.647100,32998.8
1741,"Ipatinga/MG",-19.470300,-42.547600,33015.0
1742,"Ipaba/MG",-19.415800,-42.413900,33030.2
1743,"Bugre/MG",-19.423100,-42.255200,33046.9
1744,"Iapu/MG",-19.438700,-42.214700,33051.5
1745,"São João do Oriente/MG",-19.338400,-42.157500,33064.2
1746,"Dom Cavati/MG",-19.373500,-42.112100,33070.3
1747,"Inhapim/MG",-19.547600,-42.114700,33089.7
1748,"Entre Folhas/MG",-19.621800,-42.230600,33104.4
1749,"Vargem Alegre/MG",-19.598800,-42.294900,33111.6
1750,"Pingo-d'Água/MG",-19.728700,-42.409500,33130.3
1751,"Córrego Novo/MG",-19.836100,-42.398800,33142.3
1752,"Bom Jesus do Galho/MG",-19.836000,-42.316500,33150.9
1753,"Vermelho Novo/MG",-20.040600,-42.268800,33174.2
1754,"Caputira/MG",-20.170300,-42.268300,33188.7
1755,"Raul Soares/MG",-20.106100,-42.450200,33208.9
1756,"São Pedro dos Ferros/MG",-20.173200,-42.525100,33219.8
1757,"Abre Campo/MG",-20.299600,-42.474300,33234.8
1758,"Matipó/MG",-20.287300,-42.340100,33248.8
1759,"Santa Margarida/MG",-20.383900,-42.251900,33263.0
1760,"São João do Manhuaçu/MG",-20.393300,-42.153300,33273.3
1761,"Luisburgo/MG",-20.446800,-42.097600,33281.6
1762,"Orizânia/MG",-20.514200,-42.199100,33294.6
1763,"Pedra Bonita/MG",-20.521900,-42.330400,33308.3
1764,"Sericita/MG",-20.474800,-42.482800,33325.0
1765,"Jequeri/MG",-20.454200,-42.665100,33344.1
1766,"Urucânia/MG",-20.352100,-42.737000,33357.7
1767,"Santo Antônio do Grama/MG",-20.318500,-42.604700,33372.0
1768,"Rio Casca/MG",-20.228500,-42.646200,33382.9
1769,"Piedade de Ponte Nova/MG",-20.243800,-42.737900,33392.6
1770,"Santa Cruz do Escalvado/MG",-20.237200,-42.816900,33400.9
1771,"Rio Doce/MG",-20.241200,-42.899500,33409.5
1772,"Dom Silvério/MG",-20.162700,-42.962700,33420.5
1773,"Alvinópolis/MG",-20.109800,-43.053500,33431.6
1774,"Sem-Peixe/MG",-20.100800,-42.848300,33453.1
1775,"São José do Goiabal/MG",-19.921400,-42.703500,33478.1
1776,"Dionísio/MG",-19.843300,-42.770100,33489.3
1777,"Marliéria/MG",-19.709600,-42.732700,33504.6
1778,"Jaguaraçu/MG",-19.647000,-42.749800,33511.8
1779,"Antônio Dias/MG",-19.649100,-42.873200,33524.7
1780,"Nova Era/MG",-19.757700,-43.033300,33545.4
1781,"São Domingos do Prata/MG",-19.867800,-42.971000,33559.3
1782,"Bela Vista de Minas/MG",-19.830200,-43.092200,33572.6
1783,"João Monlevade/MG",-19.812600,-43.173500,33581.3
1784,"Rio Piracicaba/MG",-19.928400,-43.182900,33594.3
1785,"São Gonçalo do Rio Abaixo/MG",-19.822100,-43.366000,33616.8
1786,"São Sebastião da Vargem Alegre/MG",-19.747700,-43.367900,33625.0
1787,"Bom Jesus do Amparo/MG",-19.705400,-43.478200,33637.5
1788,"Nova União/MG",-19.687600,-43.583000,33648.6
1789,"Taquaraçu de Minas/MG",-19.665200,-43.692200,33660.4
1790,"Jaboticatubas/MG",-19.511900,-43.737300,33678.0
1791,"Santana do Riacho/MG",-19.166200,-43.722000,33716.5
1792,"Baldim/MG",-19.283200,-43.961300,33744.8
1793,"Jequitibá/MG",-19.234500,-44.030400,33753.9
1794,"Funilândia/MG",-19.366100,-44.061000,33768.8
1795,"Sete Lagoas/MG",-19.456900,-44.241300,33790.3
1796,"Prudente de Morais/MG",-19.474200,-44.159100,33799.1
1797,"Capim Branco/MG",-19.547100,-44.130400,33807.8
1798,"Matozinhos/MG",-19.554300,-44.086800,33812.4
1799,"Pedro Leopoldo/MG",-19.630800,-44.038300,33822.3
1800,"Confins/MG",-19.628200,-43.993100,33827.0
1801,"São José da Lapa/MG",-19.697100,-43.958600,33835.5
1802,"Vespasiano/MG",-19.688300,-43.923900,33839.3
1803,"Lagoa Santa/MG",-19.639700,-43.893200,33845.6
1804,"Santa Luzia/MG",-19.754800,-43.849700,33859.1
1805,"Sabará/MG",-19.884000,-43.826300,33873.7
1806,"Caeté/MG",-19.882600,-43.670400,33890.0
1807,"Barão de Cocais/MG",-19.938900,-43.475500,33911.3
1808,"Santa Bárbara/MG",-19.960400,-43.410100,33918.6
1809,"Catas Altas/MG",-20.073400,-43.406100,33931.2
1810,"Ouro Preto/MG",-20.379600,-43.512000,33966.9
1811,"Mariana/MG",-20.376500,-43.414000,33977.2
1812,"Diogo de Vasconcelos/MG",-20.487900,-43.195300,34003.1
1813,"Acaiaca/MG",-20.359000,-43.143900,34018.4
1814,"Barra Longa/MG",-20.286900,-43.040200,34031.9
1815,"Ponte Nova/MG",-20.411100,-42.897800,34052.1
1816,"Oratórios/MG",-20.429800,-42.797700,34062.8
1817,"Amparo do Serra/MG",-20.505100,-42.800900,34071.2
1818,"Pedra do Anta/MG",-20.596800,-42.712300,34084.9
1819,"São Miguel do Anta/MG",-20.706700,-42.717400,34097.1
1820,"Canaã/MG",-20.686900,-42.616700,34107.8
1821,"Araponga/MG",-20.668600,-42.517800,34118.3
1822,"Ervália/MG",-20.840300,-42.654400,34142.1
1823,"Coimbra/MG",-20.853500,-42.800800,34157.4
1824,"Cajuri/MG",-20.790300,-42.792500,34164.5
1825,"Viçosa/MG",-20.755900,-42.874200,34173.8
1826,"Teixeiras/MG",-20.656100,-42.856400,34185.1
1827,"Guaraciaba/MG",-20.571600,-43.009400,34203.5
1828,"Porto Firme/MG",-20.664200,-43.083400,34216.4
1829,"Presidente Bernardes/MG",-20.765600,-43.189500,34232.2
1830,"Piranga/MG",-20.683400,-43.296700,34246.6
1831,"Senhora de Oliveira/MG",-20.797200,-43.339400,34260.0
1832,"Brás Pires/MG",-20.841900,-43.240600,34271.4
1833,"Dores do Turvo/MG",-20.978500,-43.183400,34287.7
1834,"Senador Firmino/MG",-20.915800,-43.090400,34299.6
1835,"Divinésia/MG",-20.991700,-43.000300,34312.2
1836,"Paula Cândido/MG",-20.875400,-42.975200,34325.4
1837,"São Geraldo/MG",-20.925200,-42.836400,34340.9
1838,"Visconde do Rio Branco/MG",-21.012700,-42.836100,34350.6
1839,"Guiricema/MG",-21.009800,-42.720700,34362.6
1840,"Guidoval/MG",-21.155000,-42.788700,34380.2
1841,"Miraí/MG",-21.202100,-42.612200,34399.2
1842,"Santana de Cataguases/MG",-21.289300,-42.552400,34410.8
1843,"Laranjal/MG",-21.371500,-42.473200,34423.0
1844,"Recreio/MG",-21.528900,-42.467600,34440.5
1845,"Pirapetinga/MG",-21.655400,-42.343400,34459.6
1846,"Estrela Dalva/MG",-21.741200,-42.457400,34474.8
1847,"Volta Grande/MG",-21.767100,-42.537500,34483.5
1848,"Cantagalo/RJ",-21.979700,-42.366400,34513.0
1849,"Cordeiro/RJ",-22.026700,-42.364800,34518.2
1850,"Macuco/RJ",-21.981300,-42.253300,34530.8
1851,"São Sebastião do Alto/RJ",-21.957800,-42.132800,34543.5
1852,"Santa Maria Madalena/RJ",-21.954700,-42.009800,34556.2
1853,"Trajano de Moraes/RJ",-22.063800,-42.064300,34569.6
1854,"Conceição de Macabu/RJ",-22.083400,-41.871900,34589.5
1855,"Quissamã/RJ",-22.103100,-41.469300,34631.0
1856,"Carapebus/RJ",-22.182100,-41.663000,34652.8
1857,"Macaé/RJ",-22.376800,-41.784800,34677.9
1858,"Rio das Ostras/RJ",-22.517400,-41.947500,34700.7
1859,"Armação dos Búzios/RJ",-22.752800,-41.884600,34727.7
1860,"Cabo Frio/RJ",-22.889400,-42.028600,34748.9
1861,"Arraial do Cabo/RJ",-22.977400,-42.026700,34758.7
1862,"São Pedro da Aldeia/RJ",-22.842900,-42.102600,34775.5
1863,"Iguaba Grande/RJ",-22.849500,-42.229900,34788.6
1864,"Araruama/RJ",-22.869700,-42.332600,34799.3
1865,"Saquarema/RJ",-22.929200,-42.509900,34818.7
1866,"Maricá/RJ",-22.935400,-42.824600,34850.9
1867,"Itaboraí/RJ",-22.756500,-42.863900,34871.2
1868,"Tanguá/RJ",-22.742300,-42.720200,34886.0
1869,"Rio Bonito/RJ",-22.718100,-42.627600,34895.9
1870,"Silva Jardim/RJ",-22.657400,-42.396100,34920.6
1871,"Casimiro de Abreu/RJ",-22.481200,-42.206600,34948.2
1872,"Cachoeiras de Macacu/RJ",-22.465800,-42.652300,34994.0
1873,"Nova Friburgo/RJ",-22.293200,-42.537700,35016.6
1874,"Bom Jardim/RJ",-22.154500,-42.425100,35035.8
1875,"Duas Barras/RJ",-22.053600,-42.523200,35050.9
1876,"Sumidouro/RJ",-22.048500,-42.676100,35066.7
1877,"Carmo/RJ",-21.931000,-42.604600,35081.7
1878,"Além Paraíba/MG",-21.879700,-42.717600,35094.7
1879,"Santo Antônio do Aventureiro/MG",-21.760600,-42.811500,35111.1
1880,"Argirita/MG",-21.608300,-42.829200,35128.1
1881,"Leopoldina/MG",-21.529600,-42.642100,35149.4
1882,"Cataguases/MG",-21.392400,-42.689600,35165.4
1883,"Itamarati de Minas/MG",-21.417900,-42.813000,35178.5
1884,"Dona Eusébia/MG",-21.319000,-42.807000,35189.5
1885,"Astolfo Dutra/MG",-21.318400,-42.857200,35194.7
1886,"Rodeiro/MG",-21.203500,-42.858600,35207.5
1887,"Ubá/MG",-21.120400,-42.935900,35219.7
1888,"Tocantins/MG",-21.177400,-43.012700,35229.9
1889,"Piraúba/MG",-21.282500,-43.017200,35241.6
1890,"Guarani/MG",-21.356300,-43.032800,35249.9
1891,"Descoberto/MG",-21.460000,-42.961800,35263.6
1892,"São João Nepomuceno/MG",-21.538100,-43.006900,35273.5
1893,"Rio Novo/MG",-21.464900,-43.116800,35287.5
1894,"Goianá/MG",-21.536000,-43.195700,35298.8
1895,"Piau/MG",-21.509600,-43.313000,35311.3
1896,"Coronel Pacheco/MG",-21.589800,-43.256000,35322.0
1897,"Chácara/MG",-21.673300,-43.215000,35332.2
1898,"Juiz de Fora/MG",-21.759500,-43.339800,35348.3
1899,"Matias Barbosa/MG",-21.869000,-43.313500,35360.7
1900,"Belmiro Braga/MG",-21.944000,-43.408400,35373.6
1901,"Simão Pereira/MG",-21.964000,-43.308800,35384.1
1902,"Comendador Levy Gasparian/RJ",-22.040400,-43.214000,35397.1
1903,"Santana do Deserto/MG",-21.951200,-43.158300,35408.5
1904,"Pequeri/MG",-21.834100,-43.114500,35422.3
1905,"Bicas/MG",-21.723200,-43.056000,35436.0
1906,"Guarará/MG",-21.730400,-43.033400,35438.5
1907,"Rochedo de Minas/MG",-21.628400,-43.016500,35450.0
1908,"Maripá de Minas/MG",-21.697900,-42.954600,35460.0
1909,"Senador Cortes/MG",-21.798600,-42.942400,35471.3
1910,"Mar de Espanha/MG",-21.870700,-43.006200,35481.7
1911,"Chiador/MG",-21.999600,-43.061700,35497.1
1912,"Sapucaia/RJ",-21.994900,-42.914200,35512.3
1913,"São José do Vale do Rio Preto/RJ",-22.152500,-42.932700,35529.9
1914,"Areal/RJ",-22.228300,-43.111800,35550.2
1915,"Três Rios/RJ",-22.116500,-43.218500,35566.8
1916,"Paraíba do Sul/RJ",-22.158500,-43.304000,35576.8
1917,"Rio das Flores/RJ",-22.169200,-43.585600,35605.8
1918,"Valença/RJ",-22.244500,-43.712900,35621.4
1919,"Rio Preto/MG",-22.086100,-43.829300,35642.7
1920,"Santa Bárbara do Monte Verde/MG",-21.959200,-43.702700,35661.9
1921,"Lima Duarte/MG",-21.838600,-43.793400,35678.2
1922,"Olaria/MG",-21.859800,-43.935600,35693.1
1923,"Santa Rita de Jacutinga/MG",-22.147400,-44.097700,35729.2
1924,"Passa-Vinte/MG",-22.209700,-44.234400,35744.9
1925,"Bocaina de Minas/MG",-22.169700,-44.397200,35762.2
1926,"Alagoa/MG",-22.171000,-44.641300,35787.3
1927,"Itatiaia/RJ",-22.489700,-44.567500,35823.6
1928,"Resende/RJ",-22.470500,-44.450900,35835.8
1929,"Porto Real/RJ",-22.417500,-44.295200,35852.8
1930,"Quatis/RJ",-22.404500,-44.259700,35856.7
1931,"Barra Mansa/RJ",-22.548100,-44.175200,35874.9
1932,"Volta Redonda/RJ",-22.520200,-44.099600,35883.3
1933,"Pinheiral/RJ",-22.517200,-44.002200,35893.3
1934,"Piraí/RJ",-22.621500,-43.908100,35908.4
1935,"Barra do Piraí/RJ",-22.471500,-43.826900,35927.0
1936,"Mendes/RJ",-22.524500,-43.731200,35938.5
1937,"Engenheiro Paulo de Frontin/RJ",-22.549800,-43.682700,35944.2
1938,"Vassouras/RJ",-22.405900,-43.668600,35960.3
1939,"Miguel Pereira/RJ",-22.457200,-43.480300,35980.4
1940,"Paty do Alferes/RJ",-22.430900,-43.428500,35986.5
1941,"Petrópolis/RJ",-22.520000,-43.192600,36012.7
1942,"Teresópolis/RJ",-22.416500,-42.975200,36037.8
1943,"Guapimirim/RJ",-22.534700,-42.989500,36051.1
1944,"Magé/RJ",-22.663200,-43.031500,36066.0
1945,"São Gonçalo/RJ",-22.826800,-43.063400,36084.5
1946,"Niterói/RJ",-22.883200,-43.103400,36092.0
1947,"Rio de Janeiro/RJ",-22.912900,-43.200300,36102.4
1948,"Duque de Caxias/RJ",-22.785800,-43.304900,36120.2
1949,"São João de Meriti/RJ",-22.805800,-43.372900,36127.5
1950,"Belford Roxo/RJ",-22.764000,-43.399200,36132.8
1951,"Nilópolis/RJ",-22.805700,-43.423300,36138.1
1952,"Mesquita/RJ",-22.802800,-43.460100,36141.9
1953,"Nova Iguaçu/RJ",-22.755600,-43.460300,36147.1
1954,"Queimados/RJ",-22.710200,-43.551800,36157.8
1955,"Japeri/RJ",-22.643500,-43.660200,36171.2
1956,"Paracambi/RJ",-22.607800,-43.710800,36177.7
1957,"Seropédica/RJ",-22.752600,-43.715500,36193.8
1958,"Itaguaí/RJ",-22.863600,-43.779800,36207.8
1959,"Mangaratiba/RJ",-22.959400,-44.040900,36236.6
1960,"Angra dos Reis/RJ",-23.001100,-44.319600,36265.5
1961,"Rio Claro/RJ",-22.720000,-44.141900,36301.7
1962,"Bananal/SP",-22.681900,-44.328100,36321.2
1963,"Arapeí/SP",-22.671700,-44.444100,36333.2
1964,"São José do Barreiro/SP",-22.641400,-44.577400,36347.3
1965,"Areias/SP",-22.578600,-44.699200,36361.6
1966,"Queluz/SP",-22.531200,-44.778100,36371.3
1967,"Silveiras/SP",-22.663800,-44.852200,36387.8
1968,"Lavrinhas/SP",-22.570000,-44.902400,36399.5
1969,"Cruzeiro/SP",-22.572800,-44.969000,36406.3
1970,"Cachoeira Paulista/SP",-22.666500,-45.015400,36417.8
1971,"Canas/SP",-22.700300,-45.052100,36423.1
1972,"Lorena/SP",-22.733400,-45.119700,36431.0
1973,"Guaratinguetá/SP",-22.807500,-45.193800,36442.2
1974,"Aparecida/SP",-22.849500,-45.232500,36448.3
1975,"Potim/SP",-22.834300,-45.255200,36451.2
1976,"Roseira/SP",-22.893800,-45.307000,36459.6
1977,"Pindamonhangaba/SP",-22.924600,-45.461300,36475.8
1978,"Tremembé/SP",-22.957100,-45.547500,36485.4
1979,"Taubaté/SP",-23.010400,-45.559300,36491.4
1980,"São Luiz do Paraitinga/SP",-23.222000,-45.310900,36526.0
1981,"Lagoinha/SP",-23.084600,-45.194400,36545.4
1982,"Cunha/SP",-23.073100,-44.957600,36569.7
1983,"Paraty/RJ",-23.222100,-44.717500,36599.3
1984,"Ubatuba/SP",-23.433200,-45.083400,36643.4
1985,"Ilhabela/SP",-23.778500,-45.355200,36690.7
1986,"São Sebastião/SP",-23.795100,-45.414300,36697.0
1987,"Caraguatatuba/SP",-23.612500,-45.412500,36717.3
1988,"Natividade da Serra/SP",-23.370700,-45.446800,36744.4
1989,"Redenção da Serra/SP",-23.263800,-45.542200,36759.8
1990,"Jambeiro/SP",-23.252200,-45.694200,36775.4
1991,"Paraibuna/SP",-23.387200,-45.663900,36790.7
1992,"Salesópolis/SP",-23.528800,-45.846500,36815.1
1993,"Santa Branca/SP",-23.393300,-45.887500,36830.7
1994,"Guararema/SP",-23.411200,-46.036900,36846.1
1995,"Biritiba-Mirim/SP",-23.569800,-46.040700,36863.8
1996,"Mogi das Cruzes/SP",-23.520800,-46.185400,36879.5
1997,"Suzano/SP",-23.544800,-46.311200,36892.6
1998,"Poá/SP",-23.533300,-46.347300,36896.5
1999,"Ferraz de Vasconcelos/SP",-23.541100,-46.371000,36899.0
2000,"Itaquaquecetuba/SP",-23.483500,-46.345700,36906.0
2001,"Arujá/SP",-23.396500,-46.320000,36916.0
2002,"Santa Isabel/SP",-23.317200,-46.223700,36929.2
2003,"Igaratá/SP",-23.203700,-46.157000,36943.5
2004,"Jacareí/SP",-23.298300,-45.965800,36965.7
2005,"São José dos Campos/SP",-23.189600,-45.884100,36980.4
2006,"Caçapava/SP",-23.099200,-45.707600,37001.1
2007,"Monteiro Lobato/SP",-22.954400,-45.840700,37022.1
2008,"Santo Antônio do Pinhal/SP",-22.827000,-45.663000,37045.2
2009,"Campos do Jordão/SP",-22.729600,-45.583300,37058.8
2010,"Sapucaí-Mirim/MG",-22.740900,-45.738000,37074.7
2011,"São Bento do Sapucaí/SP",-22.683700,-45.728700,37081.1
2012,"Gonçalves/MG",-22.654500,-45.855600,37094.5
2013,"Paraisópolis/MG",-22.553900,-45.780300,37108.1
2014,"Consolação/MG",-22.549300,-45.925500,37123.1
2015,"Estiva/MG",-22.457700,-46.019100,37137.1
2016,"Tocos do Moji/MG",-22.369800,-46.097100,37149.7
2017,"Borda da Mata/MG",-22.270700,-46.165300,37162.8
2018,"Senador José Bento/MG",-22.163300,-46.179200,37174.8
2019,"Ipuiúna/MG",-22.101300,-46.191500,37181.8
2020,"Santa Rita de Caldas/MG",-22.029200,-46.338500,37199.0
2021,"Caldas/MG",-21.918300,-46.384300,37212.2
2022,"Ibitiúra de Minas/MG",-22.060400,-46.436800,37228.9
2023,"Andradas/MG",-22.069500,-46.572400,37242.9
2024,"Santo Antônio do Jardim/SP",-22.112100,-46.684500,37255.4
2025,"Espírito Santo do Pinhal/SP",-22.190900,-46.747700,37266.3
2026,"Albertina/MG",-22.201800,-46.613900,37280.1
2027,"Jacutinga/MG",-22.286000,-46.616600,37289.5
2028,"Ouro Fino/MG",-22.277900,-46.371600,37314.7
2029,"Inconfidentes/MG",-22.313600,-46.326400,37320.8
2030,"Bueno Brandão/MG",-22.438300,-46.349100,37334.9
2031,"Bom Repouso/MG",-22.467500,-46.144000,37356.2
2032,"Senador Amaral/MG",-22.586900,-46.176300,37369.9
2033,"Cambuí/MG",-22.611500,-46.057200,37382.4
2034,"Córrego do Bom Jesus/MG",-22.626900,-46.024100,37386.2
2035,"Camanducaia/MG",-22.751500,-46.149400,37405.1
2036,"Itapeva/MG",-22.766500,-46.224100,37412.9
2037,"Extrema/MG",-22.854000,-46.317800,37426.6
2038,"Joanópolis/SP",-22.927000,-46.274100,37435.9
2039,"Piracaia/SP",-23.052500,-46.359400,37452.3
2040,"Nazaré Paulista/SP",-23.174700,-46.398300,37466.5
2041,"Bom Jesus dos Perdões/SP",-23.135600,-46.467500,37474.8
2042,"Atibaia/SP",-23.117100,-46.556300,37484.1
2043,"Jarinu/SP",-23.103900,-46.728000,37501.7
2044,"Itatiba/SP",-23.003500,-46.846400,37518.2
2045,"Morungaba/SP",-22.881100,-46.789600,37533.0
2046,"Tuiuti/SP",-22.819300,-46.693700,37545.0
2047,"Pinhalzinho/SP",-22.781100,-46.589700,37556.5
2048,"Bragança Paulista/SP",-22.952700,-46.541900,37576.2
2049,"Vargem/SP",-22.887000,-46.412400,37591.3
2050,"Pedra Bela/SP",-22.790200,-46.445500,37602.6
2051,"Toledo/MG",-22.742100,-46.372800,37611.8
2052,"Munhoz/MG",-22.609200,-46.362000,37626.6
2053,"Socorro/SP",-22.590300,-46.525100,37643.5
2054,"Monte Sião/MG",-22.433500,-46.573000,37661.6
2055,"Águas de Lindóia/SP",-22.473300,-46.631400,37669.1
2056,"Lindóia/SP",-22.522600,-46.650000,37674.9
2057,"Serra Negra/SP",-22.613900,-46.703300,37686.4
2058,"Monte Alegre do Sul/SP",-22.681700,-46.681000,37694.3
2059,"Amparo/SP",-22.708800,-46.772000,37704.1
2060,"Pedreira/SP",-22.741300,-46.894800,37717.2
2061,"Jaguariúna/SP",-22.703700,-46.985100,37727.3
2062,"Holambra/SP",-22.640500,-47.048700,37736.9
2063,"Santo Antônio de Posse/SP",-22.602900,-46.919200,37750.9
2064,"Itapira/SP",-22.435700,-46.822400,37771.9
2065,"Mogi Mirim/SP",-22.433200,-46.953200,37785.4
2066,"Mogi Guaçu/SP",-22.367500,-46.942800,37792.8
2067,"Estiva Gerbi/SP",-22.271300,-46.948100,37803.5
2068,"Conchal/SP",-22.337500,-47.172900,37827.8
2069,"Engenheiro Coelho/SP",-22.483600,-47.211000,37844.5
2070,"Artur Nogueira/SP",-22.572700,-47.172700,37855.1
2071,"Cosmópolis/SP",-22.641900,-47.192600,37863.1
2072,"Paulínia/SP",-22.754200,-47.148800,37876.4
2073,"Americana/SP",-22.737400,-47.333100,37895.4
2074,"Santa Bárbara d'Oeste/SP",-22.755300,-47.414300,37903.9
2075,"Nova Odessa/SP",-22.783200,-47.294100,37916.6
2076,"Sumaré/SP",-22.820400,-47.272800,37921.3
2077,"Hortolândia/SP",-22.852900,-47.214300,37928.3
2078,"Campinas/SP",-22.905300,-47.065900,37944.6
2079,"Valinhos/SP",-22.969800,-46.997400,37954.6
2080,"Vinhedo/SP",-23.030200,-46.983300,37961.5
2081,"Louveira/SP",-23.085600,-46.948400,37968.6
2082,"Itupeva/SP",-23.152600,-47.059300,37982.2
2083,"Jundiaí/SP",-23.185200,-46.897400,37999.1
2084,"Várzea Paulista/SP",-23.213600,-46.823400,38007.3
2085,"Campo Limpo Paulista/SP",-23.207800,-46.788900,38010.9
2086,"Francisco Morato/SP",-23.279200,-46.744800,38020.0
2087,"Franco da Rocha/SP",-23.322900,-46.729000,38025.1
2088,"Caieiras/SP",-23.360700,-46.739700,38029.5
2089,"Mairiporã/SP",-23.317100,-46.589700,38045.6
2090,"Guarulhos/SP",-23.453800,-46.533300,38061.8
2091,"São Paulo/SP",-23.532900,-46.639500,38075.8
2092,"São Caetano do Sul/SP",-23.622900,-46.554800,38089.0
2093,"Diadema/SP",-23.681300,-46.620500,38098.3
2094,"São Bernardo do Campo/SP",-23.691400,-46.564600,38104.1
2095,"Santo André/SP",-23.673700,-46.543200,38107.0
2096,"Mauá/SP",-23.667700,-46.461300,38115.4
2097,"Ribeirão Pires/SP",-23.706700,-46.405800,38122.5
2098,"Rio Grande da Serra/SP",-23.743700,-46.397100,38126.7
2099,"Bertioga/SP",-23.848600,-46.139600,38155.4
2100,"Guarujá/SP",-23.988800,-46.258000,38175.1
2101,"Santos/SP",-23.953500,-46.335000,38183.9
2102,"Cubatão/SP",-23.891100,-46.424000,38195.3
2103,"São Vicente/SP",-23.957400,-46.388300,38203.5
2104,"Praia Grande/SP",-24.008400,-46.412100,38209.6
2105,"Mongaguá/SP",-24.080900,-46.626500,38232.9
2106,"Itanhaém/SP",-24.173600,-46.788000,38252.2
2107,"Peruíbe/SP",-24.312000,-47.001200,38278.8
2108,"Itariri/SP",-24.283400,-47.173600,38296.5
2109,"Pedro de Toledo/SP",-24.276400,-47.235400,38302.8
2110,"Miracatu/SP",-24.276600,-47.462500,38325.8
2111,"Juquiá/SP",-24.310100,-47.642600,38344.5
2112,"Registro/SP",-24.497900,-47.844900,38373.7
2113,"Sete Barras/SP",-24.382000,-47.927900,38389.1
2114,"Eldorado/SP",-24.528100,-48.114100,38414.0
2115,"Cajati/SP",-24.732400,-48.122300,38436.7
2116,"Jacupiranga/SP",-24.696300,-48.006400,38449.1
2117,"Pariquera-Açu/SP",-24.714700,-47.874200,38462.6
2118,"Iguape/SP",-24.699000,-47.553700,38495.0
2119,"Ilha Comprida/SP",-24.730700,-47.538300,38498.9
2120,"Cananéia/SP",-25.014400,-47.934100,38549.8
2121,"Guaraqueçaba/PR",-25.307100,-48.320400,38600.5
2122,"Paranaguá/PR",-25.516100,-48.522500,38631.3
2123,"Antonina/PR",-25.438600,-48.719100,38652.9
2124,"Morretes/PR",-25.474400,-48.834500,38665.1
2125,"Pontal do Paraná/PR",-25.673500,-48.511100,38704.4
2126,"Matinhos/PR",-25.823700,-48.549000,38721.5
2127,"Guaratuba/PR",-25.881700,-48.575200,38728.5
2128,"Itapoá/SC",-26.115800,-48.618200,38754.9
2129,"São Francisco do Sul/SC",-26.257900,-48.634400,38770.7
2130,"Balneário Barra do Sul/SC",-26.459700,-48.612300,38793.3
2131,"Araquari/SC",-26.375400,-48.718800,38807.5
2132,"Joinville/SC",-26.304500,-48.848700,38822.6
2133,"Garuva/SC",-26.029200,-48.852000,38853.2
2134,"Tijucas do Sul/PR",-25.931100,-49.195000,38889.2
2135,"Agudos do Sul/PR",-25.989900,-49.334300,38904.6
2136,"Piên/PR",-26.096500,-49.433600,38920.0
2137,"Campo Alegre/SC",-26.195000,-49.267600,38939.9
2138,"São Bento do Sul/SC",-26.249500,-49.383100,38952.9
2139,"Rio Negrinho/SC",-26.259100,-49.517700,38966.4
2140,"Itaiópolis/SC",-26.339000,-49.909200,39006.4
2141,"Mafra/SC",-26.115900,-49.808600,39033.2
2142,"Rio Negro/PR",-26.095000,-49.798200,39035.7
2143,"Campo do Tenente/PR",-25.980000,-49.684400,39052.8
2144,"Quitandinha/PR",-25.873400,-49.497300,39075.0
2145,"Mandirituba/PR",-25.777000,-49.328200,39095.0
2146,"Fazenda Rio Grande/PR",-25.662400,-49.307300,39107.9
2147,"Araucária/PR",-25.585900,-49.404700,39120.9
2148,"São José dos Pinhais/PR",-25.531300,-49.203100,39142.0
2149,"Curitiba/PR",-25.419500,-49.264600,39155.9
2150,"Pinhais/PR",-25.442900,-49.192700,39163.5
2151,"Piraquara/PR",-25.442200,-49.062400,39176.6
2152,"Quatro Barras/PR",-25.367300,-49.076300,39185.1
2153,"Campina Grande do Sul/PR",-25.304400,-49.055100,39192.4
2154,"Bocaiúva do Sul/PR",-25.206600,-49.114100,39204.8
2155,"Tunas do Paraná/PR",-24.973100,-49.087900,39230.9
2156,"Rio Branco do Sul/PR",-25.189200,-49.311500,39263.8
2157,"Itaperuçu/PR",-25.219300,-49.345400,39268.6
2158,"Colombo/PR",-25.292500,-49.226200,39283.1
2159,"Almirante Tamandaré/PR",-25.318800,-49.303700,39291.4
2160,"Campo Magro/PR",-25.368700,-49.450100,39307.1
2161,"Campo Largo/PR",-25.452500,-49.529000,39319.3
2162,"Balsa Nova/PR",-25.580400,-49.629100,39336.8
2163,"Contenda/PR",-25.678800,-49.535000,39351.2
2164,"Lapa/PR",-25.767100,-49.716800,39371.9
2165,"Porto Amazonas/PR",-25.540000,-49.894600,39402.8
2166,"Palmeira/PR",-25.425700,-50.007000,39419.8
2167,"São João do Triunfo/PR",-25.683000,-50.294900,39460.5
2168,"São Mateus do Sul/PR",-25.867700,-50.384000,39482.8
2169,"Antônio Olinto/PR",-25.980400,-50.197200,39505.3
2170,"Três Barras/SC",-26.105600,-50.319700,39523.9
2171,"Canoinhas/SC",-26.176600,-50.395000,39534.8
2172,"Bela Vista do Toldo/SC",-26.274600,-50.466400,39547.8
2173,"Major Vieira/SC",-26.370900,-50.326600,39565.4
2174,"Papanduva/SC",-26.377700,-50.141900,39583.8
2175,"Monte Castelo/SC",-26.461000,-50.232700,39596.7
2176,"Timbó Grande/SC",-26.612700,-50.660700,39642.5
2177,"Irineópolis/SC",-26.242000,-50.795700,39685.9
2178,"Paula Freitas/PR",-26.210500,-50.931000,39699.8
2179,"Paulo Frontin/PR",-26.046600,-50.830400,39720.6
2180,"Mallet/PR",-25.880600,-50.817300,39739.1
2181,"Rio Azul/PR",-25.730600,-50.798500,39755.9
2182,"Inácio Martins/PR",-25.570400,-51.076900,39789.0
2183,"Rebouças/PR",-25.623200,-50.687700,39828.5
2184,"Irati/PR",-25.469700,-50.649300,39846.0
2185,"Fernandes Pinheiro/PR",-25.410700,-50.545600,39858.3
2186,"Teixeira Soares/PR",-25.370100,-50.457100,39868.3
2187,"Imbituva/PR",-25.228500,-50.598900,39889.5
2188,"Guamiranga/PR",-25.191200,-50.802100,39910.4
2189,"Prudentópolis/PR",-25.211100,-50.975400,39927.9
2190,"Ivaí/PR",-25.006700,-50.857000,39953.6
2191,"Ipiranga/PR",-25.023800,-50.579400,39981.7
2192,"Ponta Grossa/PR",-25.091600,-50.166800,40023.9
2193,"Carambeí/PR",-24.915200,-50.098600,40044.7
2194,"Castro/PR",-24.789100,-50.010800,40061.3
2195,"Piraí do Sul/PR",-24.530600,-49.943300,40090.8
2196,"Arapoti/PR",-24.154800,-49.828500,40134.2
2197,"Jaguariaíva/PR",-24.243900,-49.706600,40150.0
2198,"Doutor Ulysses/PR",-24.566500,-49.421900,40196.0
2199,"Itapirapuã Paulista/SP",-24.572000,-49.166100,40221.9
2200,"Ribeira/SP",-24.651700,-49.004400,40240.5
2201,"Adrianópolis/PR",-24.660600,-48.992200,40242.1
2202,"Itaóca/SP",-24.639300,-48.841300,40257.5
2203,"Barra do Turvo/SP",-24.759000,-48.501300,40294.4
2204,"Iporanga/SP",-24.584700,-48.597100,40316.0
2205,"Apiaí/SP",-24.510800,-48.844300,40342.3
2206,"Barra do Chapéu/SP",-24.472200,-49.023800,40361.0
2207,"Bom Sucesso de Itararé/SP",-24.315500,-49.145100,40382.3
2208,"Itararé/SP",-24.108500,-49.335200,40412.4
2209,"Sengés/PR",-24.112900,-49.461600,40425.2
2210,"São José da Boa Vista/PR",-23.912200,-49.657700,40455.1
2211,"Wenceslau Braz/PR",-23.874200,-49.803200,40470.5
2212,"Santana do Itararé/PR",-23.758700,-49.629300,40492.3
2213,"Salto do Itararé/PR",-23.607400,-49.635400,40509.2
2214,"Barão de Antonina/SP",-23.628400,-49.563400,40516.9
2215,"Itaporanga/SP",-23.704300,-49.481900,40528.7
2216,"Riversul/SP",-23.829000,-49.429000,40543.6
2217,"Itaberá/SP",-23.863800,-49.140000,40573.2
2218,"Itapeva/SP",-23.978800,-48.876400,40602.9
2219,"Nova Campina/SP",-24.122400,-48.902200,40619.1
2220,"Ribeirão Branco/SP",-24.220600,-48.763500,40636.9
2221,"Guapiara/SP",-24.189200,-48.529500,40660.9
2222,"Ribeirão Grande/SP",-24.101100,-48.367900,40680.0
2223,"Capão Bonito/SP",-24.011300,-48.348200,40690.2
2224,"Taquarivaí/SP",-23.921100,-48.694800,40726.8
2225,"Buri/SP",-23.797700,-48.595800,40743.8
2226,"Campina do Monte Alegre/SP",-23.589500,-48.475800,40770.0
2227,"Angatuba/SP",-23.491700,-48.413900,40782.6
2228,"Paranapanema/SP",-23.386200,-48.721400,40816.1
2229,"Itaí/SP",-23.421300,-49.092000,40854.1
2230,"Taquarituba/SP",-23.530700,-49.241000,40873.6
2231,"Coronel Macedo/SP",-23.626100,-49.310000,40886.3
2232,"Taguaí/SP",-23.445200,-49.402400,40908.5
2233,"Tejupá/SP",-23.342500,-49.372200,40920.3
2234,"Piraju/SP",-23.198100,-49.380300,40936.4
2235,"Sarutaiá/SP",-23.272100,-49.476300,40949.2
2236,"Fartura/SP",-23.391600,-49.512400,40963.0
2237,"Carlópolis/PR",-23.426900,-49.723500,40984.9
2238,"Ribeirão Claro/PR",-23.194100,-49.759700,41011.0
2239,"Timburi/SP",-23.205700,-49.609600,41026.4
2240,"Ipaussu/SP",-23.057500,-49.627900,41043.0
2241,"Chavantes/SP",-23.036600,-49.709600,41051.7
2242,"Canitar/SP",-23.004000,-49.783900,41060.1
2243,"Ourinhos/SP",-22.979700,-49.869700,41069.3
2244,"Cambará/PR",-23.042300,-50.075300,41091.5
2245,"Jacarezinho/PR",-23.159100,-49.973900,41108.1
2246,"Santo Antônio da Platina/PR",-23.295900,-50.081500,41126.9
2247,"Barra do Jacaré/PR",-23.116000,-50.184200,41149.4
2248,"Andirá/PR",-23.053300,-50.230400,41157.9
2249,"Bandeirantes/PR",-23.107800,-50.370400,41173.4
2250,"Itambaracá/PR",-23.018100,-50.409700,41184.2
2251,"Santa Mariana/PR",-23.146500,-50.516700,41202.2
2252,"Cornélio Procópio/PR",-23.182900,-50.649800,41216.4
2253,"Uraí/PR",-23.200000,-50.793900,41231.2
2254,"Leópolis/PR",-23.081800,-50.751100,41245.1
2255,"Sertaneja/PR",-23.036100,-50.831700,41254.8
2256,"Rancho Alegre/PR",-23.067600,-50.914500,41263.9
2257,"Sertanópolis/PR",-23.057100,-51.039900,41276.8
2258,"Bela Vista do Paraíso/PR",-22.993700,-51.192700,41294.0
2259,"Primeiro de Maio/PR",-22.851700,-51.029300,41317.0
2260,"Pedrinhas Paulista/SP",-22.817400,-50.793300,41341.4
2261,"Florínia/SP",-22.868000,-50.681400,41354.2
2262,"Cruzália/SP",-22.737300,-50.790900,41372.6
2263,"Maracaí/SP",-22.614900,-50.671300,41390.9
2264,"Tarumã/SP",-22.742900,-50.578600,41408.0
2265,"Assis/SP",-22.660000,-50.418300,41426.9
2266,"Cândido Mota/SP",-22.747100,-50.387300,41437.1
2267,"Palmital/SP",-22.785800,-50.218000,41455.0
2268,"Ibirarema/SP",-22.818500,-50.073900,41470.2
2269,"Salto Grande/SP",-22.889400,-49.983100,41482.4
2270,"Ribeirão do Sul/SP",-22.789000,-49.933000,41494.6
2271,"São Pedro do Turvo/SP",-22.745300,-49.742800,41514.7
2272,"Santa Cruz do Rio Pardo/SP",-22.898800,-49.635400,41535.1
2273,"Bernardino de Campos/SP",-23.016400,-49.467900,41556.6
2274,"Manduri/SP",-23.005600,-49.320200,41571.8
2275,"Óleo/SP",-22.943500,-49.341900,41579.0
2276,"Águas de Santa Bárbara/SP",-22.881200,-49.242100,41591.4
2277,"Iaras/SP",-22.868200,-49.163400,41599.6
2278,"Cerqueira César/SP",-23.038000,-49.165500,41618.5
2279,"Arandu/SP",-23.138600,-49.048700,41634.8
2280,"Avaré/SP",-23.106700,-48.925100,41648.0
2281,"Itatinga/SP",-23.104700,-48.615700,41679.6
2282,"Pratânia/SP",-22.811200,-48.663600,41712.6
2283,"São Manuel/SP",-22.732100,-48.572300,41725.4
2284,"Areiópolis/SP",-22.667200,-48.668100,41737.6
2285,"Lençóis Paulista/SP",-22.602700,-48.803700,41753.3
2286,"Borebi/SP",-22.572800,-48.970700,41770.8
2287,"Agudos/SP",-22.469400,-48.986300,41782.4
2288,"Piratininga/SP",-22.414200,-49.133900,41798.7
2289,"Bauru/SP",-22.324600,-49.087100,41809.8
2290,"Avaí/SP",-22.151400,-49.335600,41841.8
2291,"Presidente Alves/SP",-22.099900,-49.438100,41853.8
2292,"Pirajuí/SP",-21.999000,-49.460800,41865.3
2293,"Balbinos/SP",-21.896300,-49.361900,41880.6
2294,"Pongaí/SP",-21.739600,-49.360400,41898.0
2295,"Uru/SP",-21.786600,-49.284800,41907.4
2296,"Reginópolis/SP",-21.891400,-49.226800,41920.5
2297,"Iacanga/SP",-21.889600,-49.031000,41940.7
2298,"Arealva/SP",-22.031000,-48.913500,41960.6
2299,"Itaju/SP",-21.985700,-48.811600,41972.2
2300,"Bariri/SP",-22.073000,-48.743800,41984.2
2301,"Bocaina/SP",-22.136500,-48.523000,42008.0
2302,"Jaú/SP",-22.293600,-48.559200,42025.9
2303,"Itapuí/SP",-22.232400,-48.719700,42043.7
2304,"Boracéia/SP",-22.192600,-48.780800,42051.4
2305,"Pederneiras/SP",-22.351100,-48.778100,42069.0
2306,"Macatuba/SP",-22.500200,-48.710200,42087.0
2307,"Igaraçu do Tietê/SP",-22.509000,-48.559700,42102.5
2308,"Barra Bonita/SP",-22.490900,-48.558300,42104.5
2309,"Mineiros do Tietê/SP",-22.412000,-48.451000,42118.6
2310,"Dois Córregos/SP",-22.367300,-48.381900,42127.3
2311,"Brotas/SP",-22.279500,-48.125100,42155.5
2312,"Torrinha/SP",-22.423700,-48.173100,42172.2
2313,"Santa Maria da Serra/SP",-22.566100,-48.159300,42188.1
2314,"Anhembi/SP",-22.793000,-48.133600,42213.5
2315,"Botucatu/SP",-22.883700,-48.443700,42246.8
2316,"Pardinho/SP",-23.084100,-48.367900,42270.4
2317,"Bofete/SP",-23.105500,-48.258200,42281.9
2318,"Porangaba/SP",-23.176100,-48.119500,42298.1
2319,"Torre de Pedra/SP",-23.246200,-48.195500,42309.1
2320,"Guareí/SP",-23.371400,-48.183700,42323.1
2321,"Quadra/SP",-23.299300,-48.054700,42338.5
2322,"Cesário Lange/SP",-23.226000,-47.954500,42351.6
2323,"Pereiras/SP",-23.080400,-47.972000,42367.9
2324,"Conchas/SP",-23.015400,-48.013400,42376.3
2325,"Laranjal Paulista/SP",-23.050600,-47.837500,42394.7
2326,"Jumirim/SP",-23.088400,-47.786800,42401.4
2327,"Tietê/SP",-23.110100,-47.716400,42409.0
2328,"Cerquilho/SP",-23.166500,-47.745900,42415.9
2329,"Porto Feliz/SP",-23.209300,-47.525100,42439.0
2330,"Boituva/SP",-23.285500,-47.678600,42456.8
2331,"Iperó/SP",-23.351300,-47.692700,42464.3
2332,"Tatuí/SP",-23.348700,-47.846100,42479.9
2333,"Capela do Alto/SP",-23.468500,-47.738800,42497.2
2334,"Sarapuí/SP",-23.639700,-47.824900,42518.1
2335,"Alambari/SP",-23.550300,-47.898000,42530.6
2336,"Itapetininga/SP",-23.588600,-48.048300,42546.5
2337,"São Miguel Arcanjo/SP",-23.878200,-47.993500,42579.1
2338,"Pilar do Sul/SP",-23.807700,-47.722200,42607.8
2339,"Tapiraí/SP",-23.961200,-47.506200,42635.6
2340,"Piedade/SP",-23.713900,-47.425600,42664.3
2341,"Salto de Pirapora/SP",-23.647400,-47.574300,42681.2
2342,"Araçoiaba da Serra/SP",-23.502900,-47.616600,42697.8
2343,"Sorocaba/SP",-23.496900,-47.445100,42715.3
2344,"Votorantim/SP",-23.544600,-47.438800,42720.7
2345,"Alumínio/SP",-23.530600,-47.254600,42739.5
2346,"Mairinque/SP",-23.539800,-47.185000,42746.7
2347,"São Roque/SP",-23.522600,-47.135700,42752.1
2348,"Ibiúna/SP",-23.659600,-47.223000,42769.7
2349,"Juquitiba/SP",-23.924400,-47.065300,42803.2
2350,"São Lourenço da Serra/SP",-23.849100,-46.943200,42818.2
2351,"Embu-Guaçu/SP",-23.829700,-46.813600,42831.6
2352,"Itapecerica da Serra/SP",-23.716100,-46.857200,42844.9
2353,"Embu das Artes/SP",-23.643700,-46.857900,42853.0
2354,"Taboão da Serra/SP",-23.601900,-46.752600,42864.7
2355,"Osasco/SP",-23.532400,-46.791600,42873.4
2356,"Carapicuíba/SP",-23.523500,-46.840700,42878.5
2357,"Cotia/SP",-23.602200,-46.919000,42890.3
2358,"Vargem Grande Paulista/SP",-23.599300,-47.022000,42900.8
2359,"Itapevi/SP",-23.548800,-46.932700,42911.5
2360,"Jandira/SP",-23.527500,-46.902300,42915.4
2361,"Barueri/SP",-23.505700,-46.879000,42918.8
2362,"Santana de Parnaíba/SP",-23.443900,-46.917800,42926.7
2363,"Cajamar/SP",-23.355000,-46.878100,42937.4
2364,"Pirapora do Bom Jesus/SP",-23.396500,-46.999100,42950.6
2365,"Araçariguama/SP",-23.436600,-47.060800,42958.3
2366,"Cabreúva/SP",-23.305300,-47.136200,42974.8
2367,"Itu/SP",-23.254400,-47.292700,42991.8
2368,"Salto/SP",-23.199600,-47.293100,42997.9
2369,"Indaiatuba/SP",-23.081600,-47.210100,43013.5
2370,"Monte Mor/SP",-22.945000,-47.312200,43031.9
2371,"Elias Fausto/SP",-23.042800,-47.368200,43044.2
2372,"Capivari/SP",-22.995100,-47.507100,43059.4
2373,"Rafard/SP",-23.010500,-47.531800,43062.5
2374,"Mombuca/SP",-22.928500,-47.559000,43072.0
2375,"Rio das Pedras/SP",-22.841700,-47.604700,43082.7
2376,"Saltinho/SP",-22.844200,-47.675400,43090.0
2377,"Piracicaba/SP",-22.733800,-47.647600,43102.6
2378,"Águas de São Pedro/SP",-22.597700,-47.873400,43130.2
2379,"São Pedro/SP",-22.548300,-47.909600,43136.9
2380,"Charqueada/SP",-22.509600,-47.775500,43151.3
2381,"Ipeúna/SP",-22.435500,-47.715100,43161.6
2382,"Itirapina/SP",-22.256200,-47.816600,43184.1
2383,"Analândia/SP",-22.128900,-47.661900,43205.4
2384,"Corumbataí/SP",-22.221300,-47.621500,43216.5
2385,"Rio Claro/SP",-22.398400,-47.554600,43237.4
2386,"Santa Gertrudes/SP",-22.457200,-47.527200,43244.5
2387,"Iracemápolis/SP",-22.583200,-47.523000,43258.5
2388,"Limeira/SP",-22.566000,-47.397000,43271.6
2389,"Cordeirópolis/SP",-22.477800,-47.451900,43282.9
2390,"Araras/SP",-22.357200,-47.384200,43298.0
2391,"Leme/SP",-22.180900,-47.384100,43317.6
2392,"Santa Cruz da Conceição/SP",-22.140500,-47.451200,43325.9
2393,"Pirassununga/SP",-21.996000,-47.425700,43342.1
2394,"Descalvado/SP",-21.900200,-47.618100,43364.7
2395,"Porto Ferreira/SP",-21.849800,-47.487000,43379.3
2396,"Santa Rita do Passa Quatro/SP",-21.708300,-47.478000,43395.1
2397,"Tambaú/SP",-21.702900,-47.270300,43416.5
2398,"Santa Cruz das Palmeiras/SP",-21.823500,-47.248000,43430.1
2399,"Casa Branca/SP",-21.770800,-47.085200,43447.9
2400,"Itobi/SP",-21.730900,-46.974300,43460.2
2401,"Vargem Grande do Sul/SP",-21.832200,-46.891300,43474.4
2402,"Aguaí/SP",-22.057200,-46.973500,43500.8
2403,"São João da Boa Vista/SP",-21.970700,-46.794400,43521.6
2404,"Águas da Prata/SP",-21.931900,-46.717600,43530.6
2405,"Poços de Caldas/MG",-21.780000,-46.569200,43553.4
2406,"Divinolândia/SP",-21.663700,-46.736100,43575.0
2407,"São Sebastião da Grama/SP",-21.704100,-46.820800,43584.8
2408,"São José do Rio Pardo/SP",-21.595300,-46.887300,43598.7
2409,"Tapiratiba/SP",-21.471300,-46.744800,43618.9
2410,"Caconde/SP",-21.528000,-46.643700,43631.1
2411,"Muzambinho/MG",-21.369200,-46.521300,43652.9
2412,"Juruaia/MG",-21.249300,-46.573500,43667.3
2413,"Guaxupé/MG",-21.305000,-46.708100,43682.5
2414,"Guaranésia/MG",-21.300900,-46.796400,43691.7
2415,"Arceburgo/MG",-21.359000,-46.940100,43707.9
2416,"Mococa/SP",-21.464700,-47.002400,43721.3
2417,"Santa Rosa de Viterbo/SP",-21.477600,-47.362200,43758.6
2418,"São Simão/SP",-21.473200,-47.551800,43778.2
2419,"Luís Antônio/SP",-21.550000,-47.780100,43803.3
2420,"Cravinhos/SP",-21.338000,-47.732400,43827.4
2421,"Serrana/SP",-21.204300,-47.595200,43848.0
2422,"Serra Azul/SP",-21.307400,-47.560200,43860.0
2423,"Santa Cruz da Esperança/SP",-21.295100,-47.430400,43873.5
2424,"Cajuru/SP",-21.274900,-47.303000,43886.9
2425,"Cássia dos Coqueiros/SP",-21.280100,-47.164300,43901.3
2426,"Monte Santo de Minas/MG",-21.187300,-46.975300,43923.4
2427,"Itamogi/MG",-21.075800,-47.046000,43937.8
2428,"Santo Antônio da Alegria/SP",-21.086400,-47.146400,43948.3
2429,"Altinópolis/SP",-21.021400,-47.371200,43972.7
2430,"Batatais/SP",-20.892900,-47.592100,43999.7
2431,"Brodowski/SP",-20.984500,-47.657200,44012.0
2432,"Jardinópolis/SP",-21.017600,-47.760600,44023.3
2433,"Ribeirão Preto/SP",-21.169900,-47.809900,44041.0
2434,"Dumont/SP",-21.232400,-47.975600,44059.5
2435,"Pradópolis/SP",-21.362600,-48.067900,44076.9
2436,"Guariba/SP",-21.359400,-48.231600,44093.8
2437,"Jaboticabal/SP",-21.252000,-48.325200,44109.2
2438,"Barrinha/SP",-21.186400,-48.163600,44127.5
2439,"Sertãozinho/SP",-21.131600,-47.987500,44146.8
2440,"Pontal/SP",-21.021600,-48.042300,44160.2
2441,"Pitangueiras/SP",-21.013200,-48.221000,44178.8
2442,"Viradouro/SP",-20.873400,-48.293000,44196.1
2443,"Terra Roxa/SP",-20.787000,-48.331400,44206.5
2444,"Jaborandi/SP",-20.688400,-48.411200,44220.2
2445,"Colina/SP",-20.711400,-48.538700,44233.7
2446,"Barretos/SP",-20.553100,-48.569800,44251.6
2447,"Guaíra/SP",-20.319600,-48.312000,44289.0
2448,"Água Comprida/MG",-20.057600,-48.106900,44325.1
2449,"Miguelópolis/SP",-20.179600,-48.031000,44340.8
2450,"Aramina/SP",-20.088200,-47.787300,44368.2
2451,"Buritizal/SP",-20.191100,-47.709600,44382.3
2452,"Ituverava/SP",-20.335500,-47.790200,44400.4
2453,"Guará/SP",-20.430200,-47.823600,44411.5
2454,"Ipuã/SP",-20.443800,-48.012900,44431.3
2455,"São Joaquim da Barra/SP",-20.581200,-47.859300,44453.4
2456,"Morro Agudo/SP",-20.728800,-48.058100,44479.8
2457,"Orlândia/SP",-20.716900,-47.885200,44497.8
2458,"Sales Oliveira/SP",-20.769600,-47.836900,44505.5
2459,"Nuporanga/SP",-20.729600,-47.742900,44516.3
2460,"São José da Bela Vista/SP",-20.593500,-47.642400,44534.7
2461,"Restinga/SP",-20.605600,-47.483300,44551.3
2462,"Franca/SP",-20.535200,-47.403900,44562.7
2463,"Patrocínio Paulista/SP",-20.638400,-47.280100,44579.9
2464,"Itirapuã/SP",-20.641600,-47.219400,44586.2
2465,"São Tomás de Aquino/MG",-20.779100,-47.096200,44606.2
2466,"São Sebastião do Paraíso/MG",-20.916700,-46.983700,44625.5
2467,"Jacuí/MG",-21.013700,-46.735900,44653.4
2468,"São Pedro da União/MG",-21.131000,-46.612300,44671.6
2469,"Nova Resende/MG",-21.128600,-46.415700,44692.0
2470,"Bom Jesus da Penha/MG",-21.014800,-46.517400,44708.5
2471,"Alpinópolis/MG",-20.863100,-46.387800,44730.1
2472,"São José da Barra/MG",-20.717800,-46.313000,44748.0
2473,"São João Batista do Glória/MG",-20.635000,-46.508000,44770.3
2474,"Passos/MG",-20.719300,-46.609000,44784.4
2475,"Fortaleza de Minas/MG",-20.850800,-46.712000,44802.5
2476,"Itaú de Minas/MG",-20.737500,-46.752500,44815.8
2477,"Pratápolis/MG",-20.741100,-46.862400,44827.2
2478,"Cássia/MG",-20.583100,-46.920100,44845.8
2479,"Capetinga/MG",-20.616300,-47.057100,44860.5
2480,"Ibiraci/MG",-20.461100,-47.122200,44879.1
2481,"Claraval/MG",-20.397000,-47.276800,44896.7
2482,"Cristais Paulista/SP",-20.403600,-47.420900,44911.7
2483,"Ribeirão Corrente/SP",-20.457900,-47.590400,44930.4
2484,"Jeriquara/SP",-20.311600,-47.591800,44946.6
2485,"Pedregulho/SP",-20.253500,-47.477500,44960.2
2486,"Rifaina/SP",-20.080300,-47.429100,44980.1
2487,"Sacramento/MG",-19.862200,-47.450800,45004.5
2488,"Conquista/MG",-19.931200,-47.549200,45017.3
2489,"Igarapava/SP",-20.040700,-47.746600,45041.3
2490,"Delta/MG",-19.972100,-47.784100,45049.8
2491,"Uberaba/MG",-19.747200,-47.938100,45079.6
2492,"Veríssimo/MG",-19.665700,-48.311800,45119.7
2493,"Conceição das Alagoas/MG",-19.917200,-48.383900,45148.7
2494,"Campo Florido/MG",-19.763100,-48.571600,45174.8
2495,"Pirajuba/MG",-19.909200,-48.702700,45196.0
2496,"Planura/MG",-20.137600,-48.700000,45221.4
2497,"Colômbia/SP",-20.176800,-48.686500,45226.0
2498,"Frutal/MG",-20.025900,-48.935500,45256.9
2499,"Comendador Gomes/MG",-19.697300,-49.078900,45296.4
2500,"Prata/MG",-19.308600,-48.927600,45342.5
2501,"Monte Alegre de Minas/MG",-18.869000,-48.881000,45391.6
2502,"Tupaciguara/MG",-18.586600,-48.698500,45428.4
2503,"Canápolis/MG",-18.721200,-49.203500,45483.7
2504,"Centralina/MG",-18.585200,-49.201400,45498.8
2505,"Araporã/MG",-18.435700,-49.184700,45515.5
2506,"Itumbiara/GO",-18.409300,-49.215800,45519.9
2507,"Cachoeira Dourada/GO",-18.485900,-49.476600,45548.7
2508,"Cachoeira Dourada/MG",-18.516100,-49.503900,45553.2
2509,"Capinópolis/MG",-18.686200,-49.570600,45573.3
2510,"Ituiutaba/MG",-18.977200,-49.463900,45607.6
2511,"Gurinhatã/MG",-19.214300,-49.787600,45650.6
2512,"Santa Vitória/MG",-18.841400,-50.120800,45704.9
2513,"Ipiaçu/MG",-18.692700,-49.943600,45729.8
2514,"Gouvelândia/GO",-18.623800,-50.080500,45746.2
2515,"Inaciolândia/GO",-18.486900,-49.988800,45764.2
2516,"Bom Jesus de Goiás/GO",-18.217300,-49.740000,45804.0
2517,"Panamá/GO",-18.178300,-49.355000,45844.9
2518,"Goiatuba/GO",-18.010500,-49.365800,45863.6
2519,"Buriti Alegre/GO",-18.137800,-49.040400,45900.8
2520,"Água Limpa/GO",-18.077100,-48.760300,45931.2
2521,"Corumbaíba/GO",-18.141500,-48.562600,45953.3
2522,"Marzagão/GO",-17.983000,-48.641500,45972.8
2523,"Caldas Novas/GO",-17.744100,-48.624600,45999.4
2524,"Rio Quente/GO",-17.774000,-48.772500,46015.4
2525,"Morrinhos/GO",-17.733400,-49.105900,46051.0
2526,"Piracanjuba/GO",-17.302000,-49.017000,46099.9
2527,"Professor Jamil/GO",-17.249700,-49.244000,46124.7
2528,"Cromínia/GO",-17.288300,-49.379800,46139.7
2529,"Mairipotaba/GO",-17.297500,-49.489800,46151.5
2530,"Edealina/GO",-17.423900,-49.664400,46174.7
2531,"Pontalina/GO",-17.522500,-49.448900,46200.1
2532,"Aloândia/GO",-17.729200,-49.476900,46223.2
2533,"Joviânia/GO",-17.802000,-49.619700,46240.4
2534,"Vicentinópolis/GO",-17.732200,-49.804700,46261.5
2535,"Porteirão/GO",-17.814300,-50.165300,46300.7
2536,"Turvelândia/GO",-17.850200,-50.302400,46315.8
2537,"Maurilândia/GO",-17.971900,-50.338800,46329.8
2538,"Castelândia/GO",-18.092100,-50.203000,46349.5
2539,"Quirinópolis/GO",-18.447200,-50.454700,46397.1
2540,"São Simão/GO",-18.996000,-50.547000,46458.9
2541,"Paranaiguara/GO",-18.914100,-50.653900,46473.3
2542,"Cachoeira Alta/GO",-18.761800,-50.943200,46508.2
2543,"Caçu/GO",-18.559400,-51.132800,46538.2
2544,"Aparecida do Rio Doce/GO",-18.294100,-51.151600,46567.8
2545,"Itarumã/GO",-18.764600,-51.348500,46624.1
2546,"Lagoa Santa/GO",-19.183200,-51.399800,46671.0
2547,"Itajá/GO",-19.067300,-51.549500,46691.3
2548,"Cassilândia/MS",-19.117900,-51.731300,46711.2
2549,"Aporé/GO",-18.960700,-51.923200,46737.9
2550,"Inocência/MS",-19.727700,-51.928100,46823.2
2551,"Água Clara/MS",-20.445200,-52.879000,46950.6
2552,"Santa Rita do Pardo/MS",-21.301600,-52.833300,47045.9
2553,"Brasilândia/MS",-21.254400,-52.036500,47128.6
2554,"Panorama/SP",-21.354000,-51.856200,47150.4
2555,"Paulicéia/SP",-21.315300,-51.832100,47155.3
2556,"Santa Mercedes/SP",-21.349500,-51.756400,47164.0
2557,"Ouro Verde/SP",-21.487200,-51.702400,47180.3
2558,"Nova Guataporanga/SP",-21.332000,-51.644700,47198.6
2559,"São João do Pau d'Alho/SP",-21.266200,-51.667200,47206.3
2560,"Monte Castelo/SP",-21.298100,-51.567900,47217.2
2561,"Tupi Paulista/SP",-21.382500,-51.575000,47226.6
2562,"Dracena/SP",-21.484300,-51.535000,47238.6
2563,"Junqueirópolis/SP",-21.510300,-51.434200,47249.5
2564,"Flora Rica/SP",-21.672700,-51.382100,47268.3
2565,"Irapuru/SP",-21.568400,-51.347200,47280.4
2566,"Pacaembu/SP",-21.562700,-51.265400,47288.9
2567,"Flórida Paulista/SP",-21.612700,-51.172400,47300.0
2568,"Adamantina/SP",-21.682000,-51.073700,47312.8
2569,"Lucélia/SP",-21.718200,-51.021500,47319.6
2570,"Mariápolis/SP",-21.795900,-51.182400,47338.3
2571,"Santo Expedito/SP",-21.846700,-51.392900,47360.7
2572,"Alfredo Marcondes/SP",-21.952700,-51.414000,47372.7
2573,"Emilianópolis/SP",-21.831400,-51.483200,47388.0
2574,"Ribeirão dos Índios/SP",-21.838200,-51.610300,47401.1
2575,"Piquerobi/SP",-21.874700,-51.728200,47413.9
2576,"Santo Anastácio/SP",-21.974700,-51.652700,47427.5
2577,"Presidente Bernardes/SP",-22.008200,-51.556500,47438.1
2578,"Álvares Machado/SP",-22.076400,-51.472200,47449.6
2579,"Presidente Prudente/SP",-22.120700,-51.392500,47459.2
2580,"Caiabu/SP",-22.012700,-51.239400,47479.1
2581,"Pracinha/SP",-21.849600,-51.086800,47503.1
2582,"Sagres/SP",-21.882300,-50.959400,47516.7
2583,"Inúbia Paulista/SP",-21.769500,-50.963300,47529.3
2584,"Osvaldo Cruz/SP",-21.796800,-50.879300,47538.4
2585,"Salmourão/SP",-21.626700,-50.861400,47557.4
2586,"Rinópolis/SP",-21.728400,-50.723900,47575.6
2587,"Parapuã/SP",-21.779200,-50.794900,47584.9
2588,"Iacri/SP",-21.857200,-50.693200,47598.5
2589,"Bastos/SP",-21.921000,-50.735700,47606.8
2590,"Tupã/SP",-21.933500,-50.519100,47629.2
2591,"Herculândia/SP",-22.003800,-50.390700,47644.6
2592,"Quintana/SP",-22.069200,-50.307000,47655.9
2593,"Pompéia/SP",-22.107000,-50.176000,47670.0
2594,"Oriente/SP",-22.154900,-50.097100,47679.7
2595,"Marília/SP",-22.217100,-49.950100,47696.4
2596,"Vera Cruz/SP",-22.218300,-49.820700,47709.7
2597,"Júlio Mesquita/SP",-22.011200,-49.787300,47733.0
2598,"Guaimbê/SP",-21.909100,-49.898600,47749.1
2599,"Getulina/SP",-21.796100,-49.931200,47762.1
2600,"Queiroz/SP",-21.796900,-50.241500,47794.2
2601,"Luiziânia/SP",-21.673700,-50.329400,47810.6
2602,"Arco-Íris/SP",-21.772800,-50.466000,47828.5
2603,"Santópolis do Aguapeí/SP",-21.637600,-50.504400,47844.0
2604,"Piacatu/SP",-21.592100,-50.600300,47855.2
2605,"Gabriel Monteiro/SP",-21.529400,-50.557300,47863.4
2606,"Clementina/SP",-21.560400,-50.452500,47874.8
2607,"Bilac/SP",-21.404000,-50.474600,47892.4
2608,"Braúna/SP",-21.499000,-50.317500,47911.7
2609,"Alto Alegre/SP",-21.581100,-50.168000,47929.7
2610,"Penápolis/SP",-21.414800,-50.076900,47950.5
2611,"Glicério/SP",-21.381200,-50.212300,47965.0
2612,"Coroados/SP",-21.352100,-50.285900,47973.2
2613,"Birigui/SP",-21.291000,-50.343200,47982.3
2614,"Araçatuba/SP",-21.207600,-50.440100,47995.9
2615,"Guararapes/SP",-21.254400,-50.645300,48017.8
2616,"Rubiácea/SP",-21.300600,-50.729600,48028.0
2617,"Bento de Abreu/SP",-21.268600,-50.814000,48037.4
2618,"Valparaíso/SP",-21.222900,-50.869900,48045.1
2619,"Lavínia/SP",-21.163900,-51.041200,48064.0
2620,"Mirandópolis/SP",-21.131300,-51.103500,48071.5
2621,"Guaraçaí/SP",-21.029200,-51.211900,48087.4
2622,"Murutinga do Sul/SP",-20.990800,-51.277400,48095.5
2623,"Nova Independência/SP",-21.102600,-51.490500,48120.8
2624,"Andradina/SP",-20.894800,-51.378600,48146.7
2625,"Castilho/SP",-20.868900,-51.488400,48158.5
2626,"Três Lagoas/MS",-20.784900,-51.700700,48182.4
2627,"Itapura/SP",-20.641900,-51.506300,48208.1
2628,"Selvíria/MS",-20.363700,-51.419200,48240.4
2629,"Ilha Solteira/SP",-20.432600,-51.342600,48251.4
2630,"Pereira Barreto/SP",-20.636800,-51.112300,48284.5
2631,"Sud Mennucci/SP",-20.687200,-50.923800,48304.9
2632,"Suzanápolis/SP",-20.498100,-51.026800,48328.5
2633,"Nova Canaã Paulista/SP",-20.383600,-50.948300,48343.6
2634,"Aparecida d'Oeste/SP",-20.448700,-50.883500,48353.5
2635,"Marinópolis/SP",-20.438900,-50.825400,48359.6
2636,"Palmeira d'Oeste/SP",-20.414800,-50.763200,48366.7
2637,"São Francisco/SP",-20.362300,-50.695200,48375.8
2638,"Santa Salete/SP",-20.242900,-50.688700,48389.1
2639,"Urânia/SP",-20.245500,-50.645500,48393.7
2640,"Jales/SP",-20.267200,-50.549400,48404.0
2641,"Vitória Brasil/SP",-20.195600,-50.487500,48414.2
2642,"Dolcinópolis/SP",-20.124000,-50.514900,48422.7
2643,"Paranapuã/SP",-20.104800,-50.588600,48430.7
2644,"Turmalina/SP",-20.048600,-50.479200,48443.7
2645,"Populina/SP",-19.945300,-50.538000,48456.7
2646,"Mesópolis/SP",-19.968400,-50.632600,48466.9
2647,"Santa Albertina/SP",-20.031100,-50.729700,48479.2
2648,"Aspásia/SP",-20.160000,-50.728000,48493.6
2649,"Santa Rita d'Oeste/SP",-20.141400,-50.835800,48505.0
2650,"Santana da Ponte Pensa/SP",-20.252300,-50.801400,48517.9
2651,"Três Fronteiras/SP",-20.234400,-50.890500,48527.4
2652,"Santa Fé do Sul/SP",-20.208300,-50.932000,48532.6
2653,"Rubinéia/SP",-20.175900,-51.007000,48541.2
2654,"Santa Clara d'Oeste/SP",-20.090000,-50.949100,48552.5
2655,"Aparecida do Taboado/MS",-20.087300,-51.096100,48567.9
2656,"Paranaíba/MS",-19.674600,-51.190900,48614.8
2657,"Carneirinho/MG",-19.698700,-50.689400,48667.4
2658,"Limeira do Oeste/MG",-19.551200,-50.581500,48687.3
2659,"União de Minas/MG",-19.529900,-50.338000,48712.9
2660,"Iturama/MG",-19.727600,-50.196600,48739.4
2661,"Mira Estrela/SP",-19.978900,-50.139000,48768.0
2662,"Indiaporã/SP",-19.979000,-50.290900,48783.9
2663,"Ouroeste/SP",-20.006100,-50.376800,48793.4
2664,"Guarani d'Oeste/SP",-20.074600,-50.341100,48801.8
2665,"Macedônia/SP",-20.144400,-50.197300,48818.7
2666,"Pedranópolis/SP",-20.247400,-50.112900,48833.2
2667,"Parisi/SP",-20.303400,-50.016300,48845.0
2668,"Álvares Florence/SP",-20.320300,-49.914100,48855.8
2669,"Votuporanga/SP",-20.423700,-49.978100,48869.1
2670,"Valentim Gentil/SP",-20.421700,-50.088900,48880.7
2671,"Meridiano/SP",-20.357900,-50.181100,48892.6
2672,"Fernandópolis/SP",-20.280600,-50.247100,48903.6
2673,"Estrela d'Oeste/SP",-20.287500,-50.404900,48920.1
2674,"São João das Duas Pontes/SP",-20.387900,-50.379200,48931.6
2675,"São João de Iracema/SP",-20.511100,-50.356100,48945.5
2676,"Pontalinda/SP",-20.439600,-50.525800,48964.9
2677,"Dirce Reis/SP",-20.464200,-50.607300,48973.8
2678,"Guzolândia/SP",-20.646700,-50.664500,48995.0
2679,"Auriflama/SP",-20.683600,-50.557200,49006.9
2680,"Santo Antônio do Aracanguá/SP",-20.933100,-50.498000,49035.3
2681,"Lourdes/SP",-20.966000,-50.226300,49063.7
2682,"Turiúba/SP",-20.942800,-50.113500,49075.7
2683,"Monções/SP",-20.850900,-50.097500,49086.1
2684,"Gastão Vidigal/SP",-20.794800,-50.191200,49097.6
2685,"Nova Luzitânia/SP",-20.856000,-50.261700,49107.6
2686,"Nova Castilho/SP",-20.761500,-50.347700,49121.4
2687,"General Salgado/SP",-20.648500,-50.364000,49134.1
2688,"Magda/SP",-20.644500,-50.230500,49148.0
2689,"Floreal/SP",-20.675200,-50.151300,49156.9
2690,"Nhandeara/SP",-20.694500,-50.043600,49168.3
2691,"Sebastianópolis do Sul/SP",-20.652300,-49.925000,49181.5
2692,"Macaubal/SP",-20.802200,-49.968700,49198.8
2693,"Poloni/SP",-20.782900,-49.825800,49213.8
2694,"Monte Aprazível/SP",-20.768000,-49.718400,49225.1
2695,"Neves Paulista/SP",-20.843000,-49.635800,49237.1
2696,"Jaci/SP",-20.880500,-49.579700,49244.2
2697,"Bady Bassitt/SP",-20.919700,-49.438500,49259.6
2698,"Nova Aliança/SP",-21.015600,-49.498600,49271.9
2699,"Potirendaba/SP",-21.042800,-49.381500,49284.4
2700,"Ibirá/SP",-21.083000,-49.244800,49299.3
2701,"Uchoa/SP",-20.951100,-49.171300,49315.8
2702,"Cedral/SP",-20.900900,-49.266400,49327.2
2703,"Guapiaçu/SP",-20.795900,-49.217200,49339.9
2704,"São José do Rio Preto/SP",-20.811300,-49.375800,49356.5
2705,"Mirassol/SP",-20.816900,-49.520600,49371.6
2706,"Bálsamo/SP",-20.734800,-49.586500,49383.0
2707,"Tanabi/SP",-20.622800,-49.656300,49397.4
2708,"Cosmorama/SP",-20.475500,-49.782700,49418.4
2709,"Américo de Campos/SP",-20.298500,-49.735900,49438.7
2710,"Pontes Gestal/SP",-20.172700,-49.706400,49453.0
2711,"Cardoso/SP",-20.080000,-49.918300,49477.4
2712,"Riolândia/SP",-19.986800,-49.683600,49504.0
2713,"São Francisco de Sales/MG",-19.861100,-49.772700,49520.8
2714,"Campina Verde/MG",-19.538200,-49.486200,49567.6
2715,"Itapagipe/MG",-19.906200,-49.378100,49610.1
2716,"Paulo de Faria/SP",-20.029600,-49.400000,49624.0
2717,"Orindiúva/SP",-20.186100,-49.346400,49642.3
2718,"Fronteira/MG",-20.274800,-49.198400,49660.6
2719,"Icém/SP",-20.339100,-49.191500,49667.8
2720,"Palestina/SP",-20.390000,-49.430900,49693.4
2721,"Mirassolândia/SP",-20.617900,-49.461700,49718.9
2722,"Ipiguá/SP",-20.655700,-49.384200,49728.0
2723,"Onda Verde/SP",-20.604200,-49.292900,49739.1
2724,"Nova Granada/SP",-20.532100,-49.312300,49747.4
2725,"Altair/SP",-20.524200,-49.057100,49773.9
2726,"Guaraci/SP",-20.497700,-48.939100,49786.6
2727,"Olímpia/SP",-20.736600,-48.910600,49813.3
2728,"Severínia/SP",-20.810800,-48.805400,49827.0
2729,"Cajobi/SP",-20.877300,-48.806300,49834.4
2730,"Monte Azul Paulista/SP",-20.906500,-48.638700,49852.1
2731,"Bebedouro/SP",-20.949100,-48.479100,49869.4
2732,"Taquaral/SP",-21.073700,-48.412600,49884.8
2733,"Taiúva/SP",-21.122300,-48.452800,49891.7
2734,"Taiaçu/SP",-21.143100,-48.511200,49898.1
2735,"Vista Alegre do Alto/SP",-21.169200,-48.628400,49910.6
2736,"Pirangi/SP",-21.088600,-48.660700,49920.2
2737,"Palmares Paulista/SP",-21.085400,-48.803700,49935.1
2738,"Paraíso/SP",-21.015900,-48.776100,49943.3
2739,"Embaúba/SP",-20.979600,-48.832500,49950.4
2740,"Novais/SP",-20.989300,-48.914100,49958.9
2741,"Tabapuã/SP",-20.960200,-49.030700,49971.5
2742,"Catiguá/SP",-21.051900,-49.061600,49982.2
2743,"Catanduva/SP",-21.131400,-48.977000,49994.6
2744,"Pindorama/SP",-21.185300,-48.908600,50003.9
2745,"Ariranha/SP",-21.187200,-48.790400,50016.2
2746,"Santa Adélia/SP",-21.242700,-48.806300,50022.6
2747,"Fernando Prestes/SP",-21.266100,-48.687400,50035.1
2748,"Cândido Rodrigues/SP",-21.327500,-48.632700,50044.0
2749,"Monte Alto/SP",-21.265500,-48.497100,50059.7
2750,"Taquaritinga/SP",-21.404900,-48.510300,50075.2
2751,"Santa Ernestina/SP",-21.461800,-48.395300,50088.7
2752,"Dobrada/SP",-21.515500,-48.393500,50094.7
2753,"Matão/SP",-21.602500,-48.364000,50104.8
2754,"Motuca/SP",-21.510300,-48.153800,50128.9
2755,"Guatapará/SP",-21.494400,-48.035600,50141.2
2756,"Rincão/SP",-21.589400,-48.072800,50152.5
2757,"Santa Lúcia/SP",-21.685000,-48.088500,50163.2
2758,"Américo Brasiliense/SP",-21.728800,-48.114700,50168.8
2759,"Araraquara/SP",-21.784500,-48.178000,50177.8
2760,"Ibaté/SP",-21.958400,-47.988200,50205.3
2761,"São Carlos/SP",-22.017400,-47.886000,50217.7
2762,"Ribeirão Bonito/SP",-22.068500,-48.182000,50248.8
2763,"Dourado/SP",-22.104400,-48.317800,50263.3
2764,"Trabiju/SP",-22.038800,-48.334200,50270.8
2765,"Boa Esperança do Sul/SP",-21.991800,-48.390600,50278.6
2766,"Gavião Peixoto/SP",-21.836700,-48.495700,50299.0
2767,"Nova Europa/SP",-21.776500,-48.570500,50309.2
2768,"Tabatinga/SP",-21.723900,-48.689600,50322.8
2769,"Ibitinga/SP",-21.756200,-48.831900,50338.0
2770,"Itápolis/SP",-21.594200,-48.814900,50356.1
2771,"Borborema/SP",-21.621400,-49.074100,50383.0
2772,"Novo Horizonte/SP",-21.465100,-49.223400,50406.3
2773,"Itajobi/SP",-21.312300,-49.062900,50430.0
2774,"Marapoama/SP",-21.258700,-49.130000,50439.2
2775,"Elisiário/SP",-21.167800,-49.114600,50449.4
2776,"Urupês/SP",-21.203200,-49.293100,50468.3
2777,"Irapuã/SP",-21.276800,-49.416400,50483.5
2778,"Sales/SP",-21.342700,-49.489700,50494.1
2779,"Sabino/SP",-21.459300,-49.575500,50509.8
2780,"Adolfo/SP",-21.232500,-49.645100,50536.0
2781,"Mendonça/SP",-21.175700,-49.579100,50545.3
2782,"Ubarana/SP",-21.165000,-49.719800,50560.0
2783,"José Bonifácio/SP",-21.055100,-49.689200,50572.6
2784,"Nipoã/SP",-20.911400,-49.783300,50591.3
2785,"União Paulista/SP",-20.886200,-49.902500,50604.0
2786,"Planalto/SP",-21.034200,-49.933000,50620.8
2787,"Zacarias/SP",-21.050600,-50.055200,50633.6
2788,"Buritama/SP",-21.066100,-50.147500,50643.3
2789,"Brejo Alegre/SP",-21.165100,-50.186100,50655.0
2790,"Barbosa/SP",-21.265700,-49.951800,50681.8
2791,"Avanhandava/SP",-21.458400,-49.950900,50703.2
2792,"Promissão/SP",-21.535600,-49.859900,50715.9
2793,"Guaiçara/SP",-21.619500,-49.801300,50727.1
2794,"Lins/SP",-21.671800,-49.752600,50734.8
2795,"Cafelândia/SP",-21.803100,-49.609200,50755.6
2796,"Guarantã/SP",-21.894200,-49.591400,50765.8
2797,"Álvaro de Carvalho/SP",-22.084100,-49.719000,50790.7
2798,"Garça/SP",-22.212500,-49.654600,50806.5
2799,"Gália/SP",-22.291800,-49.550400,50820.4
2800,"Fernão/SP",-22.360700,-49.518700,50828.7
2801,"Lucianópolis/SP",-22.429400,-49.522000,50836.3
2802,"Duartina/SP",-22.414600,-49.408400,50848.1
2803,"Cabrália Paulista/SP",-22.457600,-49.339300,50856.7
2804,"Paulistânia/SP",-22.576800,-49.400800,50871.4
2805,"Espírito Santo do Turvo/SP",-22.692500,-49.434100,50884.7
2806,"Ubirajara/SP",-22.527200,-49.661300,50914.4
2807,"Alvinlândia/SP",-22.443500,-49.762300,50928.3
2808,"Lupércio/SP",-22.414600,-49.818000,50934.9
2809,"Ocauçu/SP",-22.438000,-49.922000,50945.9
2810,"Campos Novos Paulista/SP",-22.602000,-49.998700,50965.7
2811,"Platina/SP",-22.637100,-50.210400,50987.8
2812,"Echaporã/SP",-22.432600,-50.203800,51010.6
2813,"Oscar Bressane/SP",-22.314900,-50.281100,51025.9
2814,"Lutécia/SP",-22.338400,-50.394000,51037.8
2815,"Paraguaçu Paulista/SP",-22.411400,-50.573200,51057.9
2816,"Borá/SP",-22.269600,-50.540900,51074.0
2817,"Quatá/SP",-22.245600,-50.696600,51090.3
2818,"João Ramalho/SP",-22.247300,-50.769400,51097.8
2819,"Rancharia/SP",-22.226900,-50.893000,51110.7
2820,"Martinópolis/SP",-22.146200,-51.170900,51140.7
2821,"Indiana/SP",-22.173800,-51.255500,51149.9
2822,"Regente Feijó/SP",-22.218100,-51.305500,51157.0
2823,"Anhumas/SP",-22.293400,-51.389500,51169.1
2824,"Pirapozinho/SP",-22.271100,-51.497600,51180.5
2825,"Tarabai/SP",-22.301600,-51.562100,51187.9
2826,"Narandiba/SP",-22.405700,-51.527400,51200.0
2827,"Taciba/SP",-22.386600,-51.288200,51224.7
2828,"Nantes/SP",-22.615600,-51.240000,51250.7
2829,"Iepê/SP",-22.660200,-51.077900,51268.0
2830,"Alvorada do Sul/PR",-22.781300,-51.229700,51288.6
2831,"Porecatu/PR",-22.753700,-51.379500,51304.3
2832,"Florestópolis/PR",-22.862300,-51.388200,51316.4
2833,"Miraselva/PR",-22.965700,-51.484600,51331.5
2834,"Prado Ferreira/PR",-23.035700,-51.442900,51340.4
2835,"Jaguapitã/PR",-23.110400,-51.534200,51352.9
2836,"Pitangueiras/PR",-23.228100,-51.587300,51367.1
2837,"Astorga/PR",-23.231800,-51.666800,51375.2
2838,"Sabáudia/PR",-23.315500,-51.555000,51389.9
2839,"Arapongas/PR",-23.415300,-51.425900,51407.2
2840,"Rolândia/PR",-23.310100,-51.365900,51420.4
2841,"Cambé/PR",-23.276600,-51.279800,51429.9
2842,"Londrina/PR",-23.304000,-51.169100,51441.6
2843,"Ibiporã/PR",-23.265900,-51.052200,51454.3
2844,"Jataizinho/PR",-23.257800,-50.977700,51462.0
2845,"Assaí/PR",-23.369700,-50.845900,51480.3
2846,"Nova América da Colina/PR",-23.330800,-50.716800,51494.2
2847,"São Sebastião da Amoreira/PR",-23.465600,-50.762500,51509.9
2848,"Santa Cecília do Pavão/PR",-23.520100,-50.783500,51516.3
2849,"Nova Santa Bárbara/PR",-23.586500,-50.759800,51524.1
2850,"São Jerônimo da Serra/PR",-23.721800,-50.747500,51539.2
2851,"Congonhinhas/PR",-23.549300,-50.556900,51566.5
2852,"Santo Antônio do Paraíso/PR",-23.496900,-50.645500,51577.2
2853,"Nova Fátima/PR",-23.432400,-50.566500,51588.0
2854,"Santa Amélia/PR",-23.265400,-50.428800,51611.3
2855,"Abatiá/PR",-23.304900,-50.313300,51623.9
2856,"Ribeirão do Pinhal/PR",-23.409100,-50.360100,51636.4
2857,"Jundiaí do Sul/PR",-23.435700,-50.249600,51648.1
2858,"Conselheiro Mairinck/PR",-23.623000,-50.170700,51670.4
2859,"Guapirama/PR",-23.520300,-50.040700,51687.9
2860,"Joaquim Távora/PR",-23.498700,-49.909000,51701.5
2861,"Quatiguá/PR",-23.567100,-49.916000,51709.2
2862,"Siqueira Campos/PR",-23.687500,-49.830400,51725.1
2863,"Tomazina/PR",-23.779600,-49.949900,51741.0
2864,"Pinhalão/PR",-23.798200,-50.053600,51751.8
2865,"Jaboti/PR",-23.743500,-50.072900,51758.2
2866,"Japira/PR",-23.814200,-50.142200,51768.7
2867,"Ibaiti/PR",-23.847800,-50.193200,51775.1
2868,"Figueira/PR",-23.845500,-50.403100,51796.5
2869,"Sapopema/PR",-23.907800,-50.580100,51815.8
2870,"Curiúva/PR",-24.036200,-50.457600,51834.7
2871,"Ventania/PR",-24.245800,-50.237600,51867.0
2872,"Tibagi/PR",-24.515300,-50.417600,51902.1
2873,"Reserva/PR",-24.649200,-50.846600,51947.9
2874,"Imbaú/PR",-24.448000,-50.753300,51972.2
2875,"Telêmaco Borba/PR",-24.324500,-50.617600,51991.6
2876,"Ortigueira/PR",-24.205800,-50.918500,52024.9
2877,"Rosário do Ivaí/PR",-24.268200,-51.272000,52061.4
2878,"Rio Branco do Ivaí/PR",-24.324400,-51.318700,52069.2
2879,"Cândido de Abreu/PR",-24.564900,-51.337200,52096.0
2880,"Ariranha do Ivaí/PR",-24.385700,-51.583900,52128.0
2881,"Manoel Ribas/PR",-24.514400,-51.665800,52144.5
2882,"Nova Tebas/PR",-24.438000,-51.945400,52174.0
2883,"Iretama/PR",-24.425300,-52.101200,52189.9
2884,"Luiziana/PR",-24.285300,-52.269000,52212.9
2885,"Mamborê/PR",-24.317000,-52.527100,52239.3
2886,"Farol/PR",-24.095800,-52.621700,52265.7
2887,"Janiópolis/PR",-24.140100,-52.778400,52282.4
2888,"Boa Esperança/PR",-24.246700,-52.787600,52294.3
2889,"Goioerê/PR",-24.183500,-53.024800,52319.3
2890,"Quarto Centenário/PR",-24.277500,-53.075900,52331.0
2891,"Rancho Alegre D'Oeste/PR",-24.306500,-52.955200,52343.6
2892,"Juranda/PR",-24.420900,-52.841300,52360.8
2893,"Campina da Lagoa/PR",-24.589300,-52.797600,52380.1
2894,"Ubiratã/PR",-24.539300,-52.986500,52399.9
2895,"Anahy/PR",-24.644900,-53.133200,52418.9
2896,"Iguatu/PR",-24.715300,-53.082700,52428.2
2897,"Braganey/PR",-24.817300,-53.121800,52440.2
2898,"Campo Bonito/PR",-25.029400,-52.993900,52467.1
2899,"Catanduvas/PR",-25.204400,-53.154800,52492.4
2900,"Ibema/PR",-25.119300,-53.007200,52510.0
2901,"Guaraniaçu/PR",-25.096800,-52.875500,52523.5
2902,"Diamante do Sul/PR",-25.035000,-52.676800,52544.7
2903,"Laranjal/PR",-24.886200,-52.470000,52571.3
2904,"Altamira do Paraná/PR",-24.798300,-52.712800,52597.7
2905,"Nova Cantu/PR",-24.672300,-52.566100,52618.1
2906,"Roncador/PR",-24.595800,-52.271600,52649.0
2907,"Mato Rico/PR",-24.699500,-52.145400,52666.2
2908,"Palmital/PR",-24.885300,-52.202900,52687.7
2909,"Marquinho/PR",-25.112000,-52.249700,52713.3
2910,"Goioxim/PR",-25.192700,-51.991100,52740.9
2911,"Campina do Simão/PR",-25.080200,-51.823700,52761.8
2912,"Santa Maria do Oeste/PR",-24.937700,-51.869600,52778.4
2913,"Pitanga/PR",-24.758800,-51.759600,52801.1
2914,"Boa Ventura de São Roque/PR",-24.868800,-51.627600,52819.2
2915,"Turvo/PR",-25.043700,-51.528200,52841.1
2916,"Guarapuava/PR",-25.390200,-51.462300,52880.2
2917,"Pinhão/PR",-25.694400,-51.653600,52919.1
2918,"Bituruna/PR",-26.160700,-51.551800,52971.9
2919,"Cruz Machado/PR",-26.016600,-51.343000,52998.2
2920,"Porto Vitória/PR",-26.167400,-51.231000,53018.4
2921,"União da Vitória/PR",-26.227300,-51.087300,53034.2
2922,"Porto União/SC",-26.245100,-51.075900,53036.5
2923,"General Carneiro/PR",-26.425000,-51.317200,53067.7
2924,"Matos Costa/SC",-26.470900,-51.150100,53085.1
2925,"Calmon/SC",-26.594200,-51.095000,53099.9
2926,"Caçador/SC",-26.775700,-51.012000,53121.7
2927,"Rio das Antas/SC",-26.894600,-51.067400,53136.0
2928,"Videira/SC",-27.008600,-51.154300,53151.4
2929,"Iomerê/SC",-27.001900,-51.244200,53160.3
2930,"Pinheiro Preto/SC",-27.048300,-51.224300,53165.8
2931,"Tangará/SC",-27.099600,-51.247300,53172.0
2932,"Ibiam/SC",-27.184700,-51.235200,53181.5
2933,"Campos Novos/SC",-27.400200,-51.227600,53205.5
2934,"Celso Ramos/SC",-27.632700,-51.335000,53233.4
2935,"Barracão/RS",-27.673900,-51.458500,53246.4
2936,"Zortéa/SC",-27.452100,-51.552000,53272.7
2937,"Capinzal/SC",-27.347300,-51.605700,53285.5
2938,"Ouro/SC",-27.337900,-51.619400,53287.3
2939,"Lacerdópolis/SC",-27.257900,-51.557700,53298.0
2940,"Erval Velho/SC",-27.274300,-51.443000,53309.5
2941,"Herval d'Oeste/SC",-27.190300,-51.491700,53320.0
2942,"Joaçaba/SC",-27.172100,-51.510800,53322.8
2943,"Luzerna/SC",-27.130400,-51.468200,53329.1
2944,"Ibicaré/SC",-27.088100,-51.368100,53340.0
2945,"Treze Tílias/SC",-27.002600,-51.408400,53350.3
2946,"Arroio Trinta/SC",-26.925700,-51.340700,53361.2
2947,"Macieira/SC",-26.855200,-51.370500,53369.6
2948,"Salto Veloso/SC",-26.903000,-51.404300,53375.9
2949,"Água Doce/SC",-26.998500,-51.552800,53394.0
2950,"Vargem Bonita/SC",-27.005500,-51.740200,53412.6
2951,"Catanduvas/SC",-27.069000,-51.660200,53423.2
2952,"Jaborá/SC",-27.178200,-51.727900,53437.1
2953,"Presidente Castello Branco/SC",-27.221800,-51.808900,53446.4
2954,"Peritiba/SC",-27.375400,-51.901800,53465.8
2955,"Alto Bela Vista/SC",-27.433300,-51.904400,53472.3
2956,"Marcelino Ramos/RS",-27.467600,-51.909500,53476.1
2957,"Ipira/SC",-27.403800,-51.775800,53491.1
2958,"Piratuba/SC",-27.424200,-51.766800,53493.5
2959,"Machadinho/RS",-27.566700,-51.666800,53512.2
2960,"Maximiliano de Almeida/RS",-27.632500,-51.802000,53527.4
2961,"Paim Filho/RS",-27.707500,-51.763000,53536.6
2962,"Cacique Doble/RS",-27.767000,-51.659700,53548.7
2963,"São José do Ouro/RS",-27.770700,-51.596600,53554.9
2964,"Santo Expedito do Sul/RS",-27.907400,-51.643400,53570.8
2965,"Tupanci do Sul/RS",-27.924100,-51.538300,53581.3
2966,"Capão Bonito do Sul/RS",-28.125400,-51.396100,53607.7
2967,"Lagoa Vermelha/RS",-28.209300,-51.524800,53623.4
2968,"Caseiros/RS",-28.258200,-51.686100,53640.1
2969,"Ibiraiaras/RS",-28.374100,-51.637700,53653.8
2970,"Muliterno/RS",-28.325300,-51.769700,53667.8
2971,"Ciríaco/RS",-28.341900,-51.874100,53678.2
2972,"David Canabarro/RS",-28.384900,-51.848200,53683.6
2973,"Vanini/RS",-28.475800,-51.844700,53693.7
2974,"São Domingos do Sul/RS",-28.531200,-51.886000,53701.1
2975,"Casca/RS",-28.560500,-51.981500,53711.0
2976,"Santo Antônio do Palma/RS",-28.495600,-52.026700,53719.5
2977,"Gentil/RS",-28.431600,-52.033700,53726.6
2978,"Marau/RS",-28.449800,-52.198600,53742.9
2979,"Vila Maria/RS",-28.535900,-52.148600,53753.6
2980,"Camargo/RS",-28.588000,-52.200300,53761.3
2981,"Montauri/RS",-28.646200,-52.076700,53775.0
2982,"Nova Alvorada/RS",-28.682200,-52.163100,53784.3
2983,"Itapuca/RS",-28.776800,-52.169300,53794.8
2984,"Arvorezinha/RS",-28.873700,-52.178100,53805.7
2985,"Ilópolis/RS",-28.928200,-52.125800,53813.6
2986,"Putinga/RS",-29.004500,-52.156900,53822.6
2987,"Fontoura Xavier/RS",-28.981700,-52.344500,53841.0
2988,"São José do Herval/RS",-29.052000,-52.295000,53850.2
2989,"Pouso Novo/RS",-29.173800,-52.213600,53865.9
2990,"Progresso/RS",-29.244100,-52.319700,53878.8
2991,"Canudos do Vale/RS",-29.327100,-52.237400,53891.0
2992,"Sério/RS",-29.390400,-52.268500,53898.6
2993,"Boqueirão do Leão/RS",-29.304600,-52.428400,53916.8
2994,"Gramado Xavier/RS",-29.270600,-52.579500,53932.0
2995,"Barros Cassal/RS",-29.094700,-52.583600,53951.5
2996,"Soledade/RS",-28.830600,-52.513100,53981.7
2997,"Mormaço/RS",-28.696800,-52.699900,54005.2
2998,"Tio Hugo/RS",-28.571200,-52.595500,54022.5
2999,"Ibirapuitã/RS",-28.624700,-52.515800,54032.3
3000,"Nicolau Vergueiro/RS",-28.529800,-52.467600,54043.9
3001,"Ernestina/RS",-28.497700,-52.583600,54055.7
3002,"Santo Antônio do Planalto/RS",-28.403000,-52.699200,54071.2
3003,"Carazinho/RS",-28.295800,-52.793300,54086.2
3004,"Não-Me-Toque/RS",-28.454800,-52.818200,54104.1
3005,"Victor Graeff/RS",-28.563200,-52.749500,54117.9
3006,"Lagoa dos Três Cantos/RS",-28.567600,-52.861800,54128.9
3007,"Tapera/RS",-28.627700,-52.861300,54135.6
3008,"Espumoso/RS",-28.728600,-52.846100,54146.9
3009,"Alto Alegre/RS",-28.776900,-52.989300,54161.8
3010,"Campos Borges/RS",-28.887100,-53.000800,54174.1
3011,"Jacuizinho/RS",-29.040100,-53.065700,54192.3
3012,"Salto do Jacuí/RS",-29.095100,-53.213300,54207.9
3013,"Estrela Velha/RS",-29.171300,-53.163900,54217.6
3014,"Tunas/RS",-29.103900,-52.953800,54239.3
3015,"Lagoão/RS",-29.234800,-52.799700,54260.2
3016,"Segredo/RS",-29.352300,-52.976700,54281.8
3017,"Passa Sete/RS",-29.457700,-52.959900,54293.6
3018,"Lagoa Bonita do Sul/RS",-29.493900,-53.017000,54300.5
3019,"Sobradinho/RS",-29.419400,-53.032600,54308.9
3020,"Ibarama/RS",-29.420300,-53.129500,54318.3
3021,"Arroio do Tigre/RS",-29.334800,-53.096600,54328.3
3022,"Pinhal Grande/RS",-29.345000,-53.320600,54350.0
3023,"Júlio de Castilhos/RS",-29.229900,-53.677200,54386.9
3024,"Tupanciretã/RS",-29.085800,-53.844500,54409.7
3025,"São Martinho da Serra/RS",-29.539700,-53.859000,54460.2
3026,"Itaara/RS",-29.601300,-53.772500,54471.0
3027,"Santa Maria/RS",-29.686800,-53.814900,54481.4
3028,"Silveira Martins/RS",-29.646700,-53.591000,54503.5
3029,"Ivorá/RS",-29.523200,-53.584200,54517.2
3030,"Nova Palma/RS",-29.471000,-53.468900,54529.8
3031,"Faxinal do Soturno/RS",-29.578800,-53.448400,54542.0
3032,"São João do Polêsine/RS",-29.619400,-53.443900,54546.5
3033,"Dona Francisca/RS",-29.619500,-53.361700,54554.4
3034,"Agudo/RS",-29.644700,-53.251500,54565.4
3035,"Paraíso do Sul/RS",-29.671700,-53.144000,54576.3
3036,"Novo Cabrais/RS",-29.733800,-52.948900,54596.3
3037,"Cerro Branco/RS",-29.657000,-52.940600,54604.9
3038,"Candelária/RS",-29.668400,-52.789500,54619.6
3039,"Vale do Sol/RS",-29.596700,-52.683900,54632.5
3040,"Herveiras/RS",-29.455200,-52.655300,54648.5
3041,"Sinimbu/RS",-29.535700,-52.530400,54663.5
3042,"Vera Cruz/RS",-29.718400,-52.515200,54683.9
3043,"Santa Cruz do Sul/RS",-29.722000,-52.434300,54691.7
3044,"Passo do Sobrado/RS",-29.748000,-52.274800,54707.4
3045,"Vale Verde/RS",-29.786400,-52.185700,54717.0
3046,"Rio Pardo/RS",-29.988000,-52.371100,54745.7
3047,"Pantano Grande/RS",-30.190200,-52.372900,54768.1
3048,"Minas do Leão/RS",-30.134600,-52.042300,54800.5
3049,"Butiá/RS",-30.117900,-51.960100,54808.6
3050,"Arroio dos Ratos/RS",-30.087500,-51.727500,54831.3
3051,"Eldorado do Sul/RS",-30.084700,-51.618700,54841.7
3052,"Charqueadas/RS",-29.962500,-51.628900,54855.4
3053,"São Jerônimo/RS",-29.971600,-51.725100,54864.7
3054,"Triunfo/RS",-29.929100,-51.707500,54869.7
3055,"General Câmara/RS",-29.903200,-51.761200,54875.6
3056,"Taquari/RS",-29.794300,-51.865300,54891.4
3057,"Bom Retiro do Sul/RS",-29.607100,-51.945600,54913.6
3058,"Fazenda Vilanova/RS",-29.588500,-51.821700,54925.7
3059,"Paverama/RS",-29.548600,-51.733900,54935.3
3060,"Tabaí/RS",-29.643000,-51.682300,54946.9
3061,"Brochier/RS",-29.550100,-51.594500,54960.3
3062,"Maratá/RS",-29.545700,-51.557300,54963.9
3063,"São José do Sul/RS",-29.544800,-51.482100,54971.2
3064,"Harmonia/RS",-29.545600,-51.418500,54977.4
3065,"São Sebastião do Caí/RS",-29.588500,-51.374900,54983.7
3066,"Pareci Novo/RS",-29.636500,-51.397400,54989.5
3067,"Montenegro/RS",-29.682400,-51.467900,54998.0
3068,"Capela de Santana/RS",-29.696100,-51.328000,55011.6
3069,"Portão/RS",-29.701500,-51.242900,55019.9
3070,"Estância Velha/RS",-29.653500,-51.184300,55027.6
3071,"Ivoti/RS",-29.599500,-51.153300,55034.3
3072,"Lindolfo Collor/RS",-29.585900,-51.214100,55040.4
3073,"São José do Hortêncio/RS",-29.528000,-51.245000,55047.5
3074,"Presidente Lucena/RS",-29.517500,-51.179800,55053.9
3075,"Linha Nova/RS",-29.467900,-51.200300,55059.8
3076,"Picada Café/RS",-29.446400,-51.136700,55066.4
3077,"Nova Petrópolis/RS",-29.374100,-51.113600,55074.7
3078,"Vale Real/RS",-29.391900,-51.255900,55088.7
3079,"Alto Feliz/RS",-29.391900,-51.312300,55094.1
3080,"São Vendelino/RS",-29.372900,-51.367500,55099.9
3081,"Feliz/RS",-29.452700,-51.303200,55110.7
3082,"Bom Princípio/RS",-29.485600,-51.354800,55116.9
3083,"Tupandi/RS",-29.477200,-51.417400,55123.0
3084,"Salvador do Sul/RS",-29.438600,-51.507700,55132.8
3085,"São Pedro da Serra/RS",-29.419300,-51.513400,55135.0
3086,"Barão/RS",-29.372500,-51.494900,55140.5
3087,"Carlos Barbosa/RS",-29.296900,-51.502800,55148.9
3088,"Garibaldi/RS",-29.259000,-51.535200,55154.2
3089,"Farroupilha/RS",-29.222700,-51.341900,55173.4
3090,"Caxias do Sul/RS",-29.162900,-51.179200,55190.5
3091,"São Marcos/RS",-28.967700,-51.069600,55214.7
3092,"Flores da Cunha/RS",-29.026100,-51.187500,55227.9
3093,"Nova Pádua/RS",-29.027500,-51.309800,55239.8
3094,"Nova Roma do Sul/RS",-28.988200,-51.409500,55250.4
3095,"Pinto Bandeira/RS",-29.097500,-51.450300,55263.2
3096,"Bento Gonçalves/RS",-29.166200,-51.516500,55273.2
3097,"Monte Belo do Sul/RS",-29.160700,-51.633300,55284.5
3098,"Santa Tereza/RS",-29.165500,-51.735100,55294.4
3099,"Muçum/RS",-29.163000,-51.871400,55307.7
3100,"Encantado/RS",-29.235100,-51.870300,55315.7
3101,"Roca Sales/RS",-29.288400,-51.865800,55321.6
3102,"Imigrante/RS",-29.350800,-51.774800,55332.9
3103,"Coronel Pilar/RS",-29.269500,-51.684700,55345.4
3104,"Boa Vista do Sul/RS",-29.354400,-51.668700,55355.0
3105,"Poço das Antas/RS",-29.448100,-51.671900,55365.4
3106,"Westfália/RS",-29.426300,-51.764500,55374.7
3107,"Teutônia/RS",-29.448200,-51.804400,55379.3
3108,"Colinas/RS",-29.394800,-51.855600,55387.0
3109,"Arroio do Meio/RS",-29.401400,-51.955700,55396.7
3110,"Lajeado/RS",-29.459100,-51.964400,55403.2
3111,"Estrela/RS",-29.500200,-51.949500,55408.0
3112,"Cruzeiro do Sul/RS",-29.514800,-51.992800,55412.5
3113,"Venâncio Aires/RS",-29.614300,-52.193200,55434.8
3114,"Mato Leitão/RS",-29.528500,-52.127800,55446.3
3115,"Santa Clara do Sul/RS",-29.474700,-52.084300,55453.6
3116,"Forquetinha/RS",-29.382800,-52.098100,55463.9
3117,"Marques de Souza/RS",-29.331100,-52.097300,55469.6
3118,"Travesseiro/RS",-29.297700,-52.053200,55475.3
3119,"Capitão/RS",-29.267400,-51.985300,55482.7
3120,"Nova Bréscia/RS",-29.218200,-52.031900,55489.8
3121,"Coqueiro Baixo/RS",-29.180200,-52.094200,55497.2
3122,"Relvado/RS",-29.116400,-52.077800,55504.4
3123,"Doutor Ricardo/RS",-29.084000,-51.997200,55513.1
3124,"Anta Gorda/RS",-28.969800,-52.010200,55525.8
3125,"Dois Lajeados/RS",-28.983000,-51.839600,55542.5
3126,"Vespasiano Corrêa/RS",-29.065500,-51.862500,55551.9
3127,"São Valentim do Sul/RS",-29.045100,-51.768400,55561.3
3128,"Cotiporã/RS",-28.989100,-51.697100,55570.7
3129,"Fagundes Varela/RS",-28.879400,-51.701400,55582.9
3130,"Veranópolis/RS",-28.931200,-51.551600,55598.5
3131,"Vila Flores/RS",-28.859800,-51.550400,55606.5
3132,"Nova Prata/RS",-28.779900,-51.611300,55617.2
3133,"Nova Bassano/RS",-28.729100,-51.707200,55628.1
3134,"Vista Alegre do Prata/RS",-28.805200,-51.794700,55640.1
3135,"Guaporé/RS",-28.839900,-51.889500,55650.1
3136,"União da Serra/RS",-28.783300,-52.023800,55664.6
3137,"Serafina Corrêa/RS",-28.712600,-51.935200,55676.3
3138,"Nova Araçá/RS",-28.653700,-51.745800,55695.9
3139,"Paraí/RS",-28.596400,-51.789600,55703.6
3140,"São Jorge/RS",-28.498400,-51.706400,55717.2
3141,"Guabiju/RS",-28.542100,-51.694800,55722.2
3142,"André da Rocha/RS",-28.628300,-51.579700,55736.9
3143,"Protásio Alves/RS",-28.757200,-51.475700,55754.5
3144,"Ipê/RS",-28.817100,-51.285900,55774.2
3145,"Antônio Prado/RS",-28.856500,-51.288300,55778.5
3146,"Campestre da Serra/RS",-28.792600,-51.094100,55798.8
3147,"Monte Alegre dos Campos/RS",-28.680500,-50.783400,55831.5
3148,"Vacaria/RS",-28.507900,-50.941800,55856.2
3149,"Muitos Capões/RS",-28.313200,-51.183600,55888.2
3150,"Esmeralda/RS",-28.051800,-51.193300,55917.3
3151,"Pinhal da Serra/RS",-27.875100,-51.167300,55937.1
3152,"Anita Garibaldi/SC",-27.689700,-51.127100,55958.1
3153,"Abdon Batista/SC",-27.612600,-51.023300,55971.5
3154,"Vargem/SC",-27.486700,-50.972400,55986.3
3155,"Brunópolis/SC",-27.305800,-50.868400,56008.9
3156,"Monte Carlo/SC",-27.223900,-50.980800,56023.3
3157,"Frei Rogério/SC",-27.175000,-50.807600,56041.2
3158,"Fraiburgo/SC",-27.023300,-50.920000,56061.5
3159,"Lebon Régis/SC",-26.928000,-50.692100,56086.4
3160,"Santa Cecília/SC",-26.959200,-50.425200,56113.1
3161,"Ponte Alta do Norte/SC",-27.159100,-50.465900,56135.7
3162,"São Cristovão do Sul/SC",-27.266600,-50.438800,56147.9
3163,"Curitibanos/SC",-27.282400,-50.581600,56162.1
3164,"Ponte Alta/SC",-27.483500,-50.376400,56192.3
3165,"Correia Pinto/SC",-27.587700,-50.361400,56204.0
3166,"São José do Cerrito/SC",-27.660200,-50.573300,56226.4
3167,"Cerro Negro/SC",-27.794200,-50.867300,56258.9
3168,"Campo Belo do Sul/SC",-27.897500,-50.759500,56274.6
3169,"Capão Alto/SC",-27.938900,-50.509800,56299.5
3170,"Lages/SC",-27.815000,-50.325900,56322.2
3171,"Painel/SC",-27.923400,-50.097200,56347.8
3172,"Bocaina do Sul/SC",-27.745500,-49.942300,56372.7
3173,"Palmeira/SC",-27.583000,-50.157700,56400.6
3174,"Otacílio Costa/SC",-27.478900,-50.123100,56412.7
3175,"Braço do Trombudo/SC",-27.358600,-49.882100,56439.9
3176,"Agrolândia/SC",-27.408700,-49.822000,56448.1
3177,"Atalanta/SC",-27.421900,-49.778900,56452.6
3178,"Trombudo Central/SC",-27.303300,-49.793000,56465.8
3179,"Agronômica/SC",-27.266200,-49.708000,56475.2
3180,"Laurentino/SC",-27.217300,-49.733100,56481.2
3181,"Rio do Oeste/SC",-27.195200,-49.798900,56488.1
3182,"Pouso Redondo/SC",-27.256700,-49.930100,56502.8
3183,"Mirim Doce/SC",-27.197000,-50.078600,56518.9
3184,"Taió/SC",-27.121000,-49.994200,56530.8
3185,"Salete/SC",-26.979800,-49.998800,56546.5
3186,"Rio do Campo/SC",-26.945200,-50.136000,56560.6
3187,"Santa Terezinha/SC",-26.781300,-50.009000,56582.8
3188,"Vitor Meireles/SC",-26.878200,-49.832800,56603.3
3189,"Witmarsum/SC",-26.927500,-49.794700,56610.0
3190,"Dona Emma/SC",-26.981000,-49.726100,56619.0
3191,"José Boiteux/SC",-26.956600,-49.628600,56629.1
3192,"Presidente Getúlio/SC",-27.047400,-49.624600,56639.2
3193,"Ibirama/SC",-27.054700,-49.519300,56649.6
3194,"Apiúna/SC",-27.037500,-49.388500,56662.7
3195,"Ascurra/SC",-26.954800,-49.378300,56672.0
3196,"Rodeio/SC",-26.924300,-49.364900,56675.6
3197,"Indaial/SC",-26.899200,-49.235400,56688.7
3198,"Timbó/SC",-26.824600,-49.269000,56697.7
3199,"Pomerode/SC",-26.738400,-49.178500,56710.8
3200,"Rio dos Cedros/SC",-26.739800,-49.271800,56720.1
3201,"Benedito Novo/SC",-26.781000,-49.359300,56729.9
3202,"Doutor Pedrinho/SC",-26.717400,-49.479500,56743.8
3203,"Corupá/SC",-26.424600,-49.246000,56783.8
3204,"Schroeder/SC",-26.411600,-49.074000,56801.0
3205,"Jaraguá do Sul/SC",-26.485100,-49.071300,56809.1
3206,"Guaramirim/SC",-26.468800,-49.002600,56816.2
3207,"Massaranduba/SC",-26.610900,-49.005400,56832.0
3208,"Luiz Alves/SC",-26.715100,-48.932200,56845.7
3209,"São João do Itaperiú/SC",-26.621300,-48.768300,56865.0
3210,"Barra Velha/SC",-26.637000,-48.693300,56872.7
3211,"Balneário Piçarras/SC",-26.763900,-48.671700,56887.0
3212,"Penha/SC",-26.775400,-48.646500,56889.8
3213,"Navegantes/SC",-26.894300,-48.654600,56903.0
3214,"Itajaí/SC",-26.910100,-48.670500,56905.4
3215,"Balneário Camboriú/SC",-26.992600,-48.635200,56915.2
3216,"Camboriú/SC",-27.024100,-48.650300,56919.0
3217,"Itapema/SC",-27.086100,-48.616000,56926.7
3218,"Bombinhas/SC",-27.138200,-48.514600,56938.3
3219,"Porto Belo/SC",-27.158600,-48.546900,56942.2
3220,"Governador Celso Ramos/SC",-27.317200,-48.557600,56959.9
3221,"Tijucas/SC",-27.235400,-48.632200,56971.6
3222,"Canelinha/SC",-27.261600,-48.765800,56985.1
3223,"São João Batista/SC",-27.277200,-48.847400,56993.4
3224,"Brusque/SC",-27.097700,-48.910700,57014.3
3225,"Ilhota/SC",-26.902300,-48.825100,57037.6
3226,"Gaspar/SC",-26.933600,-48.953400,57050.8
3227,"Blumenau/SC",-26.915500,-49.070900,57062.6
3228,"Guabiruba/SC",-27.080800,-48.980400,57083.1
3229,"Botuverá/SC",-27.200700,-49.068900,57099.0
3230,"Nova Trento/SC",-27.278000,-48.929800,57115.2
3231,"Major Gercino/SC",-27.419200,-48.948800,57131.0
3232,"São Pedro de Alcântara/SC",-27.566500,-48.804800,57152.7
3233,"Antônio Carlos/SC",-27.519100,-48.766000,57159.2
3234,"Biguaçu/SC",-27.496000,-48.659800,57170.0
3235,"Florianópolis/SC",-27.594500,-48.547700,57185.6
3236,"São José/SC",-27.613600,-48.636600,57194.6
3237,"Palhoça/SC",-27.645500,-48.669700,57199.4
3238,"Santo Amaro da Imperatriz/SC",-27.685200,-48.781300,57211.2
3239,"Águas Mornas/SC",-27.696300,-48.824300,57215.7
3240,"Rancho Queimado/SC",-27.672700,-49.019100,57235.0
3241,"Angelina/SC",-27.570400,-48.987900,57246.8
3242,"Leoberto Leal/SC",-27.508100,-49.278900,57276.3
3243,"Imbuia/SC",-27.490800,-49.421800,57290.5
3244,"Vidal Ramos/SC",-27.388600,-49.359300,57303.5
3245,"Presidente Nereu/SC",-27.276800,-49.388900,57316.2
3246,"Lontras/SC",-27.168400,-49.535000,57335.1
3247,"Rio do Sul/SC",-27.215600,-49.643000,57347.0
3248,"Aurora/SC",-27.309800,-49.629500,57357.5
3249,"Ituporanga/SC",-27.410100,-49.596300,57369.1
3250,"Petrolândia/SC",-27.534600,-49.693700,57386.0
3251,"Chapadão do Lageado/SC",-27.590500,-49.553900,57401.1
3252,"Alfredo Wagner/SC",-27.700100,-49.327300,57426.5
3253,"Bom Retiro/SC",-27.799000,-49.487000,57445.7
3254,"Urubici/SC",-28.015700,-49.592500,57472.0
3255,"Rio Rufino/SC",-27.859200,-49.775400,57497.0
3256,"Urupema/SC",-27.955700,-49.872900,57511.4
3257,"São Joaquim/SC",-28.288700,-49.945700,57549.1
3258,"Bom Jardim da Serra/SC",-28.337700,-49.637300,57579.7
3259,"Lauro Muller/SC",-28.385900,-49.403500,57603.2
3260,"Orleans/SC",-28.348700,-49.298600,57614.3
3261,"Pedras Grandes/SC",-28.433900,-49.194900,57628.2
3262,"São Ludgero/SC",-28.314400,-49.180600,57641.5
3263,"Braço do Norte/SC",-28.268100,-49.170100,57646.8
3264,"Grão Pará/SC",-28.180900,-49.225200,57657.9
3265,"Gravatal/SC",-28.320800,-49.042700,57681.6
3266,"Armazém/SC",-28.244800,-49.021500,57690.3
3267,"São Martinho/SC",-28.160900,-48.986700,57700.2
3268,"Rio Fortuna/SC",-28.124400,-49.106800,57712.7
3269,"Santa Rosa de Lima/SC",-28.033100,-49.133000,57723.2
3270,"Anitápolis/SC",-27.901200,-49.131600,57737.8
3271,"São Bonifácio/SC",-27.900900,-48.932600,57757.4
3272,"Paulo Lopes/SC",-27.960700,-48.686400,57782.5
3273,"Garopaba/SC",-28.027500,-48.619200,57792.4
3274,"Imbituba/SC",-28.228400,-48.665900,57815.2
3275,"Imaruí/SC",-28.333900,-48.817000,57834.1
3276,"Laguna/SC",-28.484300,-48.777200,57851.3
3277,"Pescaria Brava/SC",-28.396600,-48.886400,57865.7
3278,"Capivari de Baixo/SC",-28.449800,-48.963100,57875.3
3279,"Tubarão/SC",-28.471300,-49.014400,57880.8
3280,"Jaguaruna/SC",-28.614600,-49.029600,57896.8
3281,"Sangão/SC",-28.632600,-49.132200,57907.0
3282,"Treze de Maio/SC",-28.553700,-49.156500,57916.1
3283,"Morro da Fumaça/SC",-28.651100,-49.216900,57928.5
3284,"Balneário Rincão/SC",-28.831400,-49.235200,57948.6
3285,"Içara/SC",-28.713200,-49.308700,57963.6
3286,"Criciúma/SC",-28.672300,-49.372900,57971.3
3287,"Cocal do Sul/SC",-28.598600,-49.333500,57980.3
3288,"Urussanga/SC",-28.518000,-49.323800,57989.4
3289,"Treviso/SC",-28.509700,-49.463400,58003.0
3290,"Siderópolis/SC",-28.595500,-49.431400,58013.1
3291,"Nova Veneza/SC",-28.633800,-49.505500,58021.5
3292,"Forquilhinha/SC",-28.745400,-49.478500,58034.1
3293,"Maracajá/SC",-28.846300,-49.460500,58045.5
3294,"Araranguá/SC",-28.935600,-49.491800,58055.9
3295,"Balneário Arroio do Silva/SC",-28.980600,-49.423700,58064.2
3296,"Balneário Gaivota/SC",-29.152700,-49.584100,58088.9
3297,"Sombrio/SC",-29.108000,-49.632800,58095.7
3298,"Santa Rosa do Sul/SC",-29.131300,-49.710900,58103.8
3299,"Jacinto Machado/SC",-28.996100,-49.762300,58119.6
3300,"Ermo/SC",-28.986900,-49.643000,58131.2
3301,"Turvo/SC",-28.927200,-49.683100,58138.9
3302,"Meleiro/SC",-28.824400,-49.637800,58151.2
3303,"Morro Grande/SC",-28.800600,-49.721400,58159.8
3304,"Timbé do Sul/SC",-28.828700,-49.842000,58171.9
3305,"São José dos Ausentes/RS",-28.747600,-50.067700,58195.7
3306,"Bom Jesus/RS",-28.669700,-50.429500,58232.0
3307,"Jaquirana/RS",-28.881100,-50.363700,58256.4
3308,"Cambará do Sul/RS",-29.047400,-50.146500,58284.5
3309,"Praia Grande/SC",-29.191800,-49.952500,58309.2
3310,"Mampituba/RS",-29.213600,-49.931100,58312.4
3311,"São João do Sul/SC",-29.215400,-49.809400,58324.2
3312,"Passo de Torres/SC",-29.309900,-49.722000,58337.7
3313,"Torres/RS",-29.333400,-49.733300,58340.6
3314,"Dom Pedro de Alcântara/RS",-29.363900,-49.853000,58352.7
3315,"Morrinhos do Sul/RS",-29.357800,-49.932800,58360.4
3316,"Três Cachoeiras/RS",-29.448700,-49.927500,58370.5
3317,"Arroio do Sal/RS",-29.543900,-49.889500,58381.7
3318,"Itati/RS",-29.497400,-50.101600,58402.9
3319,"Três Forquilhas/RS",-29.538400,-50.070800,58408.4
3320,"Terra de Areia/RS",-29.578200,-50.064400,58412.8
3321,"Maquiné/RS",-29.679800,-50.207900,58430.7
3322,"Capão da Canoa/RS",-29.764200,-50.028200,58450.4
3323,"Xangri-lá/RS",-29.806500,-50.051900,58455.7
3324,"Osório/RS",-29.888100,-50.266700,58478.3
3325,"Imbé/RS",-29.975300,-50.128100,58494.8
3326,"Tramandaí/RS",-29.984100,-50.132200,58495.8
3327,"Cidreira/RS",-30.160400,-50.233700,58517.7
3328,"Balneário Pinhal/RS",-30.241900,-50.233700,58526.8
3329,"Palmares do Sul/RS",-30.253500,-50.510300,58553.4
3330,"Capivari do Sul/RS",-30.138300,-50.515200,58566.2
3331,"Glorinha/RS",-29.879800,-50.773400,58604.2
3332,"Santo Antônio da Patrulha/RS",-29.826800,-50.517500,58629.6
3333,"Caraá/RS",-29.786900,-50.431600,58639.0
3334,"Riozinho/RS",-29.639000,-50.448800,58655.5
3335,"Rolante/RS",-29.646200,-50.581900,58668.4
3336,"São Francisco de Paula/RS",-29.440400,-50.582800,58691.3
3337,"Canela/RS",-29.356000,-50.811900,58715.4
3338,"Gramado/RS",-29.373400,-50.876200,58721.9
3339,"Três Coroas/RS",-29.513700,-50.773900,58740.4
3340,"Igrejinha/RS",-29.569300,-50.791900,58746.8
3341,"Taquara/RS",-29.650500,-50.775300,58756.0
3342,"Parobé/RS",-29.624300,-50.831200,58762.1
3343,"Araricá/RS",-29.616800,-50.929100,58771.6
3344,"Nova Hartz/RS",-29.580800,-50.905100,58776.3
3345,"Santa Maria do Herval/RS",-29.490200,-50.991900,58789.4
3346,"Morro Reuter/RS",-29.537900,-51.081100,58799.5
3347,"Dois Irmãos/RS",-29.583600,-51.089800,58804.7
3348,"Sapiranga/RS",-29.634900,-51.006400,58814.5
3349,"Campo Bom/RS",-29.674700,-51.060600,58821.4
3350,"Novo Hamburgo/RS",-29.687500,-51.132800,58828.5
3351,"São Leopoldo/RS",-29.754500,-51.149800,58836.1
3352,"Sapucaia do Sul/RS",-29.827600,-51.145000,58844.3
3353,"Esteio/RS",-29.852000,-51.184100,58848.9
3354,"Nova Santa Rita/RS",-29.852500,-51.283700,58858.5
3355,"Canoas/RS",-29.912800,-51.185700,58870.1
3356,"Cachoeirinha/RS",-29.947200,-51.101600,58879.1
3357,"Alvorada/RS",-29.991400,-51.080900,58884.4
3358,"Gravataí/RS",-29.941300,-50.986900,58895.0
3359,"Viamão/RS",-30.081900,-51.019400,58911.0
3360,"Porto Alegre/RS",-30.031800,-51.206500,58929.8
3361,"Guaíba/RS",-30.108600,-51.323300,58943.9
3362,"Barra do Ribeiro/RS",-30.293900,-51.301400,58964.6
3363,"Mariana Pimentel/RS",-30.353000,-51.580300,58992.2
3364,"Sertão Santana/RS",-30.456200,-51.601700,59003.9
3365,"Barão do Triunfo/RS",-30.389100,-51.738400,59018.9
3366,"Cerro Grande do Sul/RS",-30.590500,-51.741800,59041.3
3367,"Sentinela do Sul/RS",-30.610700,-51.586200,59056.4
3368,"Tapes/RS",-30.668300,-51.399100,59075.4
3369,"Arambaré/RS",-30.909200,-51.504600,59104.0
3370,"Mostardas/RS",-31.105400,-50.916700,59164.2
3371,"Tavares/RS",-31.284300,-51.088000,59189.9
3372,"São José do Norte/RS",-32.015100,-52.033100,59310.7
3373,"Rio Grande/RS",-32.034900,-52.107100,59318.0
3374,"Pelotas/RS",-31.764900,-52.337100,59355.1
3375,"Capão do Leão/RS",-31.756500,-52.488900,59369.5
3376,"Pedro Osório/RS",-31.864200,-52.818400,59402.8
3377,"Cerrito/RS",-31.841900,-52.800400,59405.8
3378,"Morro Redondo/RS",-31.588700,-52.626100,59438.5
3379,"Canguçu/RS",-31.396000,-52.678300,59460.5
3380,"Arroio do Padre/RS",-31.438900,-52.424600,59485.0
3381,"Turuçu/RS",-31.417300,-52.170600,59509.2
3382,"São Lourenço do Sul/RS",-31.356400,-51.971500,59529.3
3383,"Cristal/RS",-31.004600,-52.043600,59569.0
3384,"Camaquã/RS",-30.848900,-51.804300,59597.7
3385,"Chuvisca/RS",-30.750400,-51.973700,59617.2
3386,"Dom Feliciano/RS",-30.700400,-52.102600,59630.7
3387,"Amaral Ferrador/RS",-30.875600,-52.250900,59654.8
3388,"Encruzilhada do Sul/RS",-30.543000,-52.520400,59699.9
3389,"Cachoeira do Sul/RS",-30.033000,-52.892800,59766.9
3390,"Restinga Sêca/RS",-29.818800,-53.380700,59819.6
3391,"Formigueiro/RS",-30.003500,-53.495900,59843.0
3392,"São Sepé/RS",-30.164300,-53.560300,59861.9
3393,"Vila Nova do Sul/RS",-30.346100,-53.876000,59898.3
3394,"Santa Margarida do Sul/RS",-30.339300,-54.081700,59918.1
3395,"São Gabriel/RS",-30.333700,-54.321700,59941.1
3396,"Lavras do Sul/RS",-30.807100,-53.893100,60007.9
3397,"Caçapava do Sul/RS",-30.514400,-53.482700,60058.9
3398,"Santana da Boa Vista/RS",-30.869700,-53.110000,60112.1
3399,"Piratini/RS",-31.447300,-53.097300,60176.3
3400,"Pinheiro Machado/RS",-31.579400,-53.379800,60206.9
3401,"Pedras Altas/RS",-31.736500,-53.581400,60232.7
3402,"Herval/RS",-32.024000,-53.394400,60269.3
3403,"Arroio Grande/RS",-32.232700,-53.086200,60306.4
3404,"Jaguarão/RS",-32.560400,-53.377000,60351.9
3405,"Santa Vitória do Palmar/RS",-33.525000,-53.371700,60459.2
3406,"Chuí/RS",-33.686600,-53.459400,60478.9
3407,"Aceguá/RS",-31.866500,-54.161500,60691.7
3408,"Candiota/RS",-31.551600,-53.677300,60749.3
3409,"Hulha Negra/RS",-31.406700,-53.866700,60773.5
3410,"Bagé/RS",-31.329700,-54.099900,60797.2
3411,"Dom Pedrito/RS",-30.975600,-54.669400,60864.2
3412,"Sant'Ana do Livramento/RS",-30.877300,-55.539200,60947.9
3413,"Rosário do Sul/RS",-30.251500,-54.922100,61039.2
3414,"Cacequi/RS",-29.888300,-54.822000,61080.7
3415,"São Francisco de Assis/RS",-29.554700,-55.125300,61127.9
3416,"Manoel Viana/RS",-29.585900,-55.484100,61162.8
3417,"Alegrete/RS",-29.790200,-55.794900,61200.5
3418,"Quaraí/RS",-30.384000,-56.448300,61291.6
3419,"Barra do Quaraí/RS",-30.202900,-57.549700,61399.3
3420,"Uruguaiana/RS",-29.761400,-57.085300,61465.7
3421,"Itaqui/RS",-29.131100,-56.551500,61552.8
3422,"Maçambará/RS",-29.144500,-56.067400,61599.8
3423,"São Borja/RS",-28.657800,-56.003600,61654.3
3424,"Garruchos/RS",-28.194400,-55.638300,61717.0
3425,"São Nicolau/RS",-28.183400,-55.265400,61753.6
3426,"Pirapó/RS",-28.043900,-55.200100,61770.3
3427,"Porto Xavier/RS",-27.908200,-55.137900,61786.6
3428,"Porto Lucena/RS",-27.856900,-55.010000,61800.4
3429,"Porto Vera Cruz/RS",-27.740500,-54.899400,61817.3
3430,"Alecrim/RS",-27.657900,-54.764900,61833.5
3431,"Porto Mauá/RS",-27.579600,-54.665700,61846.5
3432,"Novo Machado/RS",-27.576500,-54.503600,61862.5
3433,"Tucunduva/RS",-27.657300,-54.443900,61873.3
3434,"Doutor Maurício Cardoso/RS",-27.510300,-54.357700,61891.7
3435,"Horizontina/RS",-27.628200,-54.305300,61905.8
3436,"Nova Candelária/RS",-27.613700,-54.107400,61925.3
3437,"Boa Vista do Buricá/RS",-27.669300,-54.108200,61931.5
3438,"São José do Inhacorá/RS",-27.725100,-54.127500,61938.0
3439,"Três de Maio/RS",-27.780000,-54.235700,61950.3
3440,"Independência/RS",-27.835400,-54.188600,61958.0
3441,"Giruá/RS",-28.029700,-54.351700,61984.9
3442,"Sete de Setembro/RS",-28.136200,-54.463700,62001.0
3443,"Guarani das Missões/RS",-28.149100,-54.562900,62010.9
3444,"Mato Queimado/RS",-28.252000,-54.615900,62023.4
3445,"Caibaté/RS",-28.290500,-54.645400,62028.6
3446,"Rolador/RS",-28.256600,-54.818600,62046.0
3447,"São Pedro do Butiá/RS",-28.124300,-54.892600,62062.4
3448,"Salvador das Missões/RS",-28.123300,-54.837300,62067.8
3449,"Cerro Largo/RS",-28.146300,-54.742800,62077.4
3450,"Ubiretama/RS",-28.040400,-54.686000,62090.4
3451,"Senador Salgado Filho/RS",-28.025000,-54.550700,62103.8
3452,"Santa Rosa/RS",-27.870200,-54.479600,62122.4
3453,"Tuparendi/RS",-27.759800,-54.481400,62134.7
3454,"Santo Cristo/RS",-27.826300,-54.662000,62153.9
3455,"Cândido Godói/RS",-27.951500,-54.751700,62170.4
3456,"Campina das Missões/RS",-27.988800,-54.841600,62180.2
3457,"São Paulo das Missões/RS",-28.019500,-54.940400,62190.4
3458,"Roque Gonzales/RS",-28.129700,-55.026600,62205.3
3459,"Dezesseis de Novembro/RS",-28.219000,-55.061700,62215.8
3460,"São Luiz Gonzaga/RS",-28.412000,-54.955900,62239.7
3461,"Santo Antônio das Missões/RS",-28.514000,-55.225100,62268.3
3462,"Itacurubi/RS",-28.791300,-55.244700,62299.2
3463,"Unistalda/RS",-29.040000,-55.151700,62328.3
3464,"Santiago/RS",-29.189700,-54.866600,62360.6
3465,"Nova Esperança do Sul/RS",-29.406600,-54.829300,62385.0
3466,"Jaguari/RS",-29.493600,-54.703000,62400.6
3467,"São Vicente do Sul/RS",-29.688200,-54.682600,62422.3
3468,"Mata/RS",-29.564900,-54.464100,62447.5
3469,"Dilermando de Aguiar/RS",-29.705400,-54.212200,62476.4
3470,"São Pedro do Sul/RS",-29.620200,-54.185500,62486.3
3471,"Toropi/RS",-29.478200,-54.224400,62502.5
3472,"Quevedos/RS",-29.350400,-54.078900,62522.5
3473,"Jari/RS",-29.292200,-54.223700,62538.0
3474,"Capão do Cipó/RS",-28.931200,-54.555800,62589.5
3475,"Bossoroca/RS",-28.729100,-54.903500,62630.1
3476,"São Miguel das Missões/RS",-28.556000,-54.555900,62669.1
3477,"Vitória das Missões/RS",-28.351600,-54.504000,62692.4
3478,"Santo Ângelo/RS",-28.300100,-54.266800,62716.3
3479,"Entre-Ijuís/RS",-28.368600,-54.268600,62723.9
3480,"Eugênio de Castro/RS",-28.531500,-54.150600,62745.4
3481,"Jóia/RS",-28.643500,-54.114100,62758.4
3482,"Augusto Pestana/RS",-28.517200,-53.988300,62777.0
3483,"Boa Vista do Cadeado/RS",-28.579100,-53.810800,62795.7
3484,"Cruz Alta/RS",-28.645000,-53.604800,62817.1
3485,"Boa Vista do Incra/RS",-28.818500,-53.391000,62845.5
3486,"Fortaleza dos Valos/RS",-28.798600,-53.224900,62861.8
3487,"Quinze de Novembro/RS",-28.746600,-53.101100,62875.2
3488,"Ibirubá/RS",-28.630200,-53.096100,62888.2
3489,"Selbach/RS",-28.629400,-52.949800,62902.4
3490,"Colorado/RS",-28.525800,-52.992800,62914.7
3491,"Saldanha Marinho/RS",-28.394100,-53.097000,62932.5
3492,"Santa Bárbara do Sul/RS",-28.365300,-53.251000,62947.9
3493,"Condor/RS",-28.207500,-53.490500,62977.2
3494,"Panambi/RS",-28.283300,-53.502300,62985.7
3495,"Pejuçara/RS",-28.428300,-53.657900,63007.9
3496,"Bozano/RS",-28.365900,-53.772000,63021.0
3497,"Ijuí/RS",-28.388000,-53.920000,63035.7
3498,"Coronel Barros/RS",-28.392100,-54.068600,63050.3
3499,"Catuípe/RS",-28.255400,-54.013200,63066.4
3500,"Ajuricaba/RS",-28.234200,-53.775700,63089.8
3501,"Nova Ramada/RS",-28.066700,-53.699200,63109.9
3502,"Santo Augusto/RS",-27.852600,-53.777600,63134.9
3503,"Chiapetta/RS",-27.923000,-53.941900,63152.8
3504,"Inhacorá/RS",-27.875200,-54.015000,63161.8
3505,"Alegria/RS",-27.834500,-54.055700,63167.8
3506,"São Valério do Sul/RS",-27.790600,-53.936800,63180.5
3507,"São Martinho/RS",-27.711200,-53.969900,63189.9
3508,"Sede Nova/RS",-27.636700,-53.949300,63198.4
3509,"Humaitá/RS",-27.569100,-53.969500,63206.2
3510,"Bom Progresso/RS",-27.539900,-53.871600,63216.4
3511,"Três Passos/RS",-27.455500,-53.929600,63227.4
3512,"Crissiumal/RS",-27.499900,-54.099400,63244.8
3513,"Tiradentes do Sul/RS",-27.402200,-54.081400,63255.9
3514,"Esperança do Sul/RS",-27.360300,-53.989100,63266.1
3515,"Derrubadas/RS",-27.264200,-53.864500,63282.4
3516,"Tenente Portela/RS",-27.371100,-53.758500,63298.2
3517,"Miraguaí/RS",-27.497000,-53.689100,63313.8
3518,"Braga/RS",-27.617300,-53.740500,63328.1
3519,"Campo Novo/RS",-27.679200,-53.805200,63337.5
3520,"Coronel Bicaco/RS",-27.719700,-53.702200,63348.6
3521,"Redentora/RS",-27.664000,-53.640700,63357.3
3522,"Dois Irmãos das Missões/RS",-27.662100,-53.530400,63368.1
3523,"Erval Seco/RS",-27.544300,-53.500500,63381.6
3524,"Seberi/RS",-27.482900,-53.402600,63393.4
3525,"Taquaruçu do Sul/RS",-27.400500,-53.470200,63404.7
3526,"Frederico Westphalen/RS",-27.358600,-53.395800,63413.4
3527,"Caiçara/RS",-27.279100,-53.425700,63422.7
3528,"Vista Alegre/RS",-27.368600,-53.491900,63434.6
3529,"Palmitinho/RS",-27.359600,-53.558000,63441.2
3530,"Vista Gaúcha/RS",-27.290200,-53.697400,63457.0
3531,"Barra do Guarita/RS",-27.192700,-53.710900,63468.0
3532,"Itapiranga/SC",-27.165900,-53.716600,63471.0
3533,"Pinheirinho do Vale/RS",-27.210900,-53.608000,63482.8
3534,"São João do Oeste/SC",-27.098400,-53.597700,63495.4
3535,"Tunápolis/SC",-26.968100,-53.641700,63510.5
3536,"Santa Helena/SC",-26.937000,-53.621400,63514.5
3537,"Iporã do Oeste/SC",-26.985400,-53.535500,63524.6
3538,"Mondaí/SC",-27.100800,-53.403200,63542.9
3539,"Vicente Dutra/RS",-27.160700,-53.402200,63549.6
3540,"Iraí/RS",-27.195100,-53.254300,63564.7
3541,"Riqueza/SC",-27.065300,-53.326500,63580.8
3542,"Caibi/SC",-27.074100,-53.245800,63588.9
3543,"Palmitos/SC",-27.070200,-53.158600,63597.5
3544,"Cunhataí/SC",-26.970900,-53.089500,63610.5
3545,"Cunha Porã/SC",-26.895000,-53.166200,63621.9
3546,"Iraceminha/SC",-26.821500,-53.276700,63635.5
3547,"Flor do Sertão/SC",-26.781100,-53.350500,63644.1
3548,"Romelândia/SC",-26.680900,-53.317200,63655.7
3549,"São Miguel da Boa Vista/SC",-26.687000,-53.251100,63662.3
3550,"Maravilha/SC",-26.766500,-53.173700,63674.1
3551,"Tigrinhos/SC",-26.687600,-53.154500,63683.0
3552,"Santa Terezinha do Progresso/SC",-26.624000,-53.199700,63691.4
3553,"Anchieta/SC",-26.538200,-53.331900,63707.7
3554,"Barra Bonita/SC",-26.654000,-53.440000,63724.4
3555,"São Miguel do Oeste/SC",-26.724200,-53.516300,63735.3
3556,"Descanso/SC",-26.827000,-53.503400,63746.8
3557,"Belmonte/SC",-26.843000,-53.575800,63754.2
3558,"Bandeirante/SC",-26.770500,-53.641300,63764.6
3559,"Paraíso/SC",-26.620000,-53.671600,63781.6
3560,"Guaraciaba/SC",-26.604200,-53.524300,63796.3
3561,"São José do Cedro/SC",-26.456100,-53.495500,63813.0
3562,"Princesa/SC",-26.444100,-53.599400,63823.5
3563,"Guarujá do Sul/SC",-26.385800,-53.529600,63833.0
3564,"Dionísio Cerqueira/SC",-26.264800,-53.635100,63850.1
3565,"Barracão/PR",-26.250200,-53.632400,63851.7
3566,"Bom Jesus do Sul/PR",-26.195800,-53.595500,63858.8
3567,"Santo Antônio do Sudoeste/PR",-26.073700,-53.725100,63877.5
3568,"Pranchita/PR",-26.020900,-53.739700,63883.6
3569,"Bela Vista da Caroba/PR",-25.884200,-53.672500,63900.2
3570,"Pérola d'Oeste/PR",-25.827800,-53.743300,63909.7
3571,"Planalto/PR",-25.721100,-53.764200,63921.7
3572,"Capanema/PR",-25.669100,-53.805500,63928.8
3573,"Realeza/PR",-25.771100,-53.526000,63959.0
3574,"Santa Izabel do Oeste/PR",-25.821700,-53.480100,63966.3
3575,"Ampére/PR",-25.916800,-53.468600,63976.9
3576,"Pinhal de São Bento/PR",-26.032400,-53.482000,63989.9
3577,"Manfrinópolis/PR",-26.144100,-53.311300,64010.9
3578,"Salgado Filho/PR",-26.177700,-53.363100,64017.3
3579,"Flor da Serra do Sul/PR",-26.252300,-53.309200,64027.2
3580,"Palma Sola/SC",-26.347100,-53.277100,64038.2
3581,"Campo Erê/SC",-26.393100,-53.085600,64058.0
3582,"São Bernardino/SC",-26.473900,-52.968700,64072.7
3583,"Saltinho/SC",-26.604900,-53.057800,64089.7
3584,"Bom Jesus do Oeste/SC",-26.692700,-53.096700,64100.2
3585,"Serra Alta/SC",-26.722900,-53.040900,64106.7
3586,"Modelo/SC",-26.772900,-53.040000,64112.3
3587,"Sul Brasil/SC",-26.735100,-52.964000,64120.9
3588,"União do Oeste/SC",-26.762000,-52.854100,64132.2
3589,"Jardinópolis/SC",-26.719100,-52.862500,64137.1
3590,"Irati/SC",-26.653900,-52.895500,64145.0
3591,"Formosa do Sul/SC",-26.645300,-52.794600,64155.1
3592,"Quilombo/SC",-26.726400,-52.724000,64166.5
3593,"Santiago do Sul/SC",-26.638800,-52.679900,64177.2
3594,"Entre Rios/SC",-26.722500,-52.558500,64192.4
3595,"Marema/SC",-26.802400,-52.626400,64203.6
3596,"Lajeado Grande/SC",-26.857600,-52.564800,64212.3
3597,"Xaxim/SC",-26.959600,-52.537400,64223.9
3598,"Cordilheira Alta/SC",-26.984400,-52.605600,64231.2
3599,"Coronel Freitas/SC",-26.905700,-52.701100,64244.1
3600,"Nova Itaberaba/SC",-26.942800,-52.814100,64256.1
3601,"Águas Frias/SC",-26.879400,-52.856800,64264.3
3602,"Nova Erechim/SC",-26.898200,-52.906600,64269.6
3603,"Pinhalzinho/SC",-26.849500,-52.991300,64279.6
3604,"Saudades/SC",-26.931700,-53.002100,64288.8
3605,"São Carlos/SC",-27.079800,-53.003700,64305.3
3606,"Águas de Chapecó/SC",-27.075400,-52.980800,64307.6
3607,"Planalto Alegre/SC",-27.070400,-52.867000,64318.9
3608,"Caxambu do Sul/SC",-27.162400,-52.880700,64329.2
3609,"Guatambú/SC",-27.134100,-52.788700,64338.9
3610,"Chapecó/SC",-27.100400,-52.615200,64356.4
3611,"Arvoredo/SC",-27.074800,-52.454300,64372.6
3612,"Xavantina/SC",-27.066700,-52.343000,64383.7
3613,"Seara/SC",-27.156400,-52.299000,64394.6
3614,"Itá/SC",-27.290700,-52.321200,64409.6
3615,"Aratiba/RS",-27.397800,-52.297500,64421.8
3616,"Barra do Rio Azul/RS",-27.406900,-52.408400,64432.8
3617,"Itatiba do Sul/RS",-27.384600,-52.453800,64437.9
3618,"Paial/SC",-27.254100,-52.497500,64453.0
3619,"Erval Grande/RS",-27.392600,-52.574000,64470.2
3620,"Faxinalzinho/RS",-27.423800,-52.678900,64481.1
3621,"Nonoai/RS",-27.368900,-52.775600,64492.4
3622,"Rio dos Índios/RS",-27.297300,-52.841700,64502.7
3623,"Alpestre/RS",-27.250200,-53.034100,64522.5
3624,"Planalto/RS",-27.329700,-53.057500,64531.6
3625,"Ametista do Sul/RS",-27.360700,-53.183000,64544.5
3626,"Cristal do Sul/RS",-27.452000,-53.242200,64556.2
3627,"Rodeio Bonito/RS",-27.474200,-53.170600,64563.7
3628,"Pinhal/RS",-27.508000,-53.208200,64568.9
3629,"Novo Tiradentes/RS",-27.564900,-53.183700,64575.7
3630,"Cerro Grande/RS",-27.610600,-53.167200,64581.1
3631,"Liberato Salzano/RS",-27.601000,-53.075300,64590.2
3632,"Gramado dos Loureiros/RS",-27.442900,-52.914900,64613.8
3633,"Trindade do Sul/RS",-27.523900,-52.895600,64623.0
3634,"Três Palmeiras/RS",-27.613900,-52.843700,64634.3
3635,"Entre Rios do Sul/RS",-27.529800,-52.734700,64648.5
3636,"Benjamin Constant do Sul/RS",-27.508600,-52.599500,64662.1
3637,"São Valentim/RS",-27.558300,-52.523700,64671.3
3638,"Barão de Cotegipe/RS",-27.620800,-52.379800,64687.1
3639,"Erechim/RS",-27.636400,-52.269700,64698.1
3640,"Paulo Bento/RS",-27.705100,-52.416900,64714.5
3641,"Ponte Preta/RS",-27.658700,-52.484800,64723.0
3642,"Jacutinga/RS",-27.729100,-52.537200,64732.3
3643,"Campinas do Sul/RS",-27.717400,-52.624800,64741.0
3644,"Cruzaltense/RS",-27.667200,-52.652200,64747.2
3645,"Ronda Alta/RS",-27.775800,-52.805600,64766.6
3646,"Rondinha/RS",-27.831500,-52.908100,64778.4
3647,"Engenho Velho/RS",-27.706000,-52.914500,64792.4
3648,"Constantina/RS",-27.732000,-52.993800,64800.7
3649,"Novo Xingu/RS",-27.749000,-53.063900,64807.9
3650,"São José das Missões/RS",-27.778900,-53.122600,64814.5
3651,"Sagrada Família/RS",-27.708500,-53.135100,64822.4
3652,"Lajeado do Bugre/RS",-27.691300,-53.181800,64827.4
3653,"Jaboticaba/RS",-27.634700,-53.276200,64838.7
3654,"Boa Vista das Missões/RS",-27.667100,-53.310200,64843.6
3655,"São Pedro das Missões/RS",-27.770600,-53.251300,64856.5
3656,"Palmeira das Missões/RS",-27.900700,-53.313400,64872.2
3657,"Novo Barreiro/RS",-27.907700,-53.110300,64892.1
3658,"Barra Funda/RS",-27.920500,-53.039100,64899.3
3659,"Sarandi/RS",-27.942000,-52.923100,64910.9
3660,"Nova Boa Vista/RS",-27.992600,-52.978400,64918.7
3661,"Chapada/RS",-28.055900,-53.066500,64929.9
3662,"Almirante Tamandaré do Sul/RS",-28.114900,-52.914200,64946.2
3663,"Coqueiros do Sul/RS",-28.119400,-52.784200,64959.0
3664,"Pontão/RS",-28.058500,-52.679100,64971.3
3665,"Ipiranga do Sul/RS",-27.940400,-52.427100,64999.3
3666,"Quatro Irmãos/RS",-27.825700,-52.442400,65012.2
3667,"Erebango/RS",-27.854400,-52.300500,65026.5
3668,"Estação/RS",-27.913500,-52.263500,65034.0
3669,"Sertão/RS",-27.979800,-52.258800,65041.4
3670,"Getúlio Vargas/RS",-27.891100,-52.229400,65051.6
3671,"Floriano Peixoto/RS",-27.861400,-52.083800,65066.3
3672,"Charrua/RS",-27.949300,-52.015000,65078.2
3673,"Tapejara/RS",-28.065200,-52.009700,65091.1
3674,"Vila Lângaro/RS",-28.106200,-52.143800,65105.0
3675,"Coxilha/RS",-28.128000,-52.302300,65120.8
3676,"Passo Fundo/RS",-28.257600,-52.409100,65138.6
3677,"Mato Castelhano/RS",-28.280000,-52.193200,65159.9
3678,"Água Santa/RS",-28.167200,-52.031000,65180.1
3679,"Santa Cecília do Sul/RS",-28.160900,-51.927900,65190.2
3680,"Ibiaçá/RS",-28.056600,-51.859900,65203.6
3681,"Sananduva/RS",-27.947000,-51.807900,65216.8
3682,"São João da Urtiga/RS",-27.819500,-51.825700,65231.1
3683,"Carlos Gomes/RS",-27.716700,-51.912100,65245.4
3684,"Centenário/RS",-27.761500,-51.998400,65255.2
3685,"Áurea/RS",-27.693600,-52.050500,65264.3
3686,"Viadutos/RS",-27.571600,-52.021100,65278.2
3687,"Gaurama/RS",-27.585600,-52.091500,65285.3
3688,"Três Arroios/RS",-27.500300,-52.144800,65296.2
3689,"Severiano de Almeida/RS",-27.436200,-52.121700,65303.6
3690,"Mariano Moro/RS",-27.356800,-52.146700,65312.8
3691,"Concórdia/SC",-27.233500,-52.026000,65331.0
3692,"Arabutã/SC",-27.158700,-52.142300,65345.2
3693,"Ipumirim/SC",-27.077200,-52.128900,65354.3
3694,"Lindóia do Sul/SC",-27.054500,-52.069000,65360.8
3695,"Irani/SC",-27.028700,-51.901200,65377.7
3696,"Ponte Serrada/SC",-26.873300,-52.011200,65398.1
3697,"Passos Maia/SC",-26.782900,-52.056800,65409.1
3698,"Vargeão/SC",-26.862100,-52.154900,65422.2
3699,"Faxinal dos Guedes/SC",-26.845100,-52.259600,65432.8
3700,"Xanxerê/SC",-26.874700,-52.403600,65447.5
3701,"Bom Jesus/SC",-26.732600,-52.391900,65463.3
3702,"Ouro Verde/SC",-26.692000,-52.310800,65472.5
3703,"Abelardo Luz/SC",-26.571600,-52.322900,65486.0
3704,"Ipuaçu/SC",-26.635000,-52.455600,65500.9
3705,"São Domingos/SC",-26.554800,-52.531300,65512.6
3706,"Coronel Martins/SC",-26.511000,-52.669400,65527.2
3707,"Galvão/SC",-26.454900,-52.687500,65533.7
3708,"Jupiá/SC",-26.395000,-52.729800,65541.5
3709,"Novo Horizonte/SC",-26.444200,-52.828100,65552.8
3710,"São Lourenço do Oeste/SC",-26.355700,-52.849800,65562.8
3711,"Vitorino/PR",-26.268300,-52.784300,65574.5
3712,"Pato Branco/PR",-26.229200,-52.670600,65586.7
3713,"Alto Paraíso/PR",-26.114600,-52.746900,65601.5
3714,"Bom Sucesso do Sul/PR",-26.073100,-52.835300,65611.5
3715,"Cerro Azul/PR",-26.089100,-52.869100,65615.3
3716,"Renascença/PR",-26.158800,-52.970300,65628.0
3717,"Marmeleiro/PR",-26.147200,-53.026700,65633.8
3718,"Francisco Beltrão/PR",-26.081700,-53.053500,65641.6
3719,"Enéas Marques/PR",-25.944500,-53.165900,65660.5
3720,"Nova Esperança do Sudoeste/PR",-25.900400,-53.261800,65671.3
3721,"Salto do Lontra/PR",-25.781300,-53.313500,65685.5
3722,"Nova Prata do Iguaçu/PR",-25.630900,-53.346900,65702.6
3723,"Boa Esperança do Iguaçu/PR",-25.632400,-53.210800,65716.2
3724,"Cruzeiro do Iguaçu/PR",-25.619200,-53.128500,65724.6
3725,"Dois Vizinhos/PR",-25.740700,-53.057000,65739.9
3726,"São Jorge d'Oeste/PR",-25.708500,-52.920400,65754.0
3727,"Verê/PR",-25.877200,-52.905100,65772.9
3728,"Itapejara d'Oeste/PR",-25.961900,-52.815200,65785.9
3729,"São João/PR",-25.821400,-52.725200,65803.9
3730,"Sulina/PR",-25.706600,-52.729900,65816.7
3731,"Saudade do Iguaçu/PR",-25.691700,-52.618400,65828.0
3732,"Chopinzinho/PR",-25.851500,-52.517300,65848.4
3733,"Coronel Vivida/PR",-25.976700,-52.564100,65863.1
3734,"Honório Serpa/PR",-26.139000,-52.384800,65888.5
3735,"Mariópolis/PR",-26.355000,-52.553200,65917.8
3736,"Clevelândia/PR",-26.404300,-52.350800,65938.7
3737,"Palmas/PR",-26.483900,-51.988800,65975.9
3738,"Coronel Domingos Soares/PR",-26.227700,-52.035600,66004.7
3739,"Mangueirinha/PR",-25.942100,-52.174300,66039.4
3740,"Reserva do Iguaçu/PR",-25.831900,-52.027200,66058.5
3741,"Foz do Jordão/PR",-25.737100,-52.118800,66072.5
3742,"Candói/PR",-25.575800,-52.040900,66092.0
3743,"Cantagalo/PR",-25.373400,-52.119800,66115.9
3744,"Virmond/PR",-25.382900,-52.198700,66123.9
3745,"Laranjeiras do Sul/PR",-25.407700,-52.410900,66145.4
3746,"Porto Barreiro/PR",-25.547700,-52.406700,66161.0
3747,"Rio Bonito do Iguaçu/PR",-25.487400,-52.529200,66175.0
3748,"Nova Laranjeiras/PR",-25.305400,-52.544700,66195.3
3749,"Espigão Alto do Iguaçu/PR",-25.421600,-52.834800,66227.2
3750,"Quedas do Iguaçu/PR",-25.449200,-52.910200,66235.3
3751,"Três Barras do Paraná/PR",-25.418500,-53.183300,66263.0
3752,"Boa Vista da Aparecida/PR",-25.430800,-53.411700,66285.9
3753,"Capitão Leônidas Marques/PR",-25.481600,-53.611200,66306.7
3754,"Santa Lúcia/PR",-25.410400,-53.563800,66316.0
3755,"Lindoeste/PR",-25.259600,-53.573300,66332.8
3756,"Santa Tereza do Oeste/PR",-25.054300,-53.627400,66356.2
3757,"Cascavel/PR",-24.957300,-53.459000,66376.4
3758,"Corbélia/PR",-24.797100,-53.300600,66400.3
3759,"Cafelândia/PR",-24.618900,-53.320700,66420.2
3760,"Nova Aurora/PR",-24.528900,-53.257500,66432.1
3761,"Iracema do Oeste/PR",-24.426200,-53.352800,66447.0
3762,"Jesuítas/PR",-24.383900,-53.384900,66452.7
3763,"Formosa do Oeste/PR",-24.295100,-53.311400,66465.1
3764,"Brasilândia do Sul/PR",-24.197800,-53.527500,66489.5
3765,"Assis Chateaubriand/PR",-24.416800,-53.521300,66513.9
3766,"Tupãssi/PR",-24.587900,-53.510500,66533.0
3767,"Toledo/PR",-24.724600,-53.741200,66560.8
3768,"Ouro Verde do Oeste/PR",-24.793300,-53.904300,66578.9
3769,"São Pedro do Iguaçu/PR",-24.937300,-53.852100,66595.8
3770,"Vera Cruz do Oeste/PR",-25.057700,-53.877100,66609.4
3771,"Céu Azul/PR",-25.148900,-53.841500,66620.2
3772,"Ramilândia/PR",-25.119500,-54.023000,66638.7
3773,"Matelândia/PR",-25.249600,-53.993500,66653.5
3774,"Medianeira/PR",-25.297700,-54.094300,66665.0
3775,"Serranópolis do Iguaçu/PR",-25.379900,-54.051800,66675.1
3776,"São Miguel do Iguaçu/PR",-25.349200,-54.240500,66694.3
3777,"Santa Terezinha de Itaipu/PR",-25.439100,-54.402000,66713.4
3778,"Foz do Iguaçu/PR",-25.542700,-54.582700,66734.9
3779,"Itaipulândia/PR",-25.136600,-54.300100,66788.2
3780,"Missal/PR",-25.091900,-54.247700,66795.5
3781,"Diamante D'Oeste/PR",-24.941900,-54.105200,66817.5
3782,"São José das Palmeiras/PR",-24.836900,-54.057200,66830.1
3783,"Santa Helena/PR",-24.858500,-54.336000,66858.3
3784,"Entre Rios do Oeste/PR",-24.704200,-54.238500,66878.1
3785,"Pato Bragado/PR",-24.627100,-54.226500,66886.8
3786,"Mercedes/PR",-24.453800,-54.161800,66907.1
3787,"Marechal Cândido Rondon/PR",-24.557000,-54.057100,66922.8
3788,"Quatro Pontes/PR",-24.575200,-53.975900,66931.2
3789,"Nova Santa Rosa/PR",-24.469300,-53.955200,66943.2
3790,"Maripá/PR",-24.420000,-53.828600,66957.1
3791,"Palotina/PR",-24.286800,-53.840400,66972.0
3792,"Terra Roxa/PR",-24.157500,-54.098800,67001.9
3793,"Guaíra/PR",-24.085000,-54.257300,67019.8
3794,"Mundo Novo/MS",-23.935500,-54.281000,67036.6
3795,"Japorã/MS",-23.890300,-54.405900,67050.3
3796,"Eldorado/MS",-23.786800,-54.283800,67067.2
3797,"Iguatemi/MS",-23.673600,-54.563700,67098.4
3798,"Tacuru/MS",-23.636000,-55.014100,67144.4
3799,"Sete Quedas/MS",-23.970500,-55.039800,67181.7
3800,"Paranhos/MS",-23.891100,-55.429000,67222.3
3801,"Coronel Sapucaia/MS",-23.272400,-55.527800,67291.8
3802,"Amambai/MS",-23.105800,-55.225300,67327.8
3803,"Aral Moreira/MS",-22.938500,-55.633400,67373.6
3804,"Ponta Porã/MS",-22.529600,-55.720300,67419.9
3805,"Laguna Carapã/MS",-22.544800,-55.150200,67478.5
3806,"Caarapó/MS",-22.636800,-54.820900,67513.8
3807,"Juti/MS",-22.859600,-54.606100,67546.9
3808,"Naviraí/MS",-23.061800,-54.199500,67594.2
3809,"Itaquiraí/MS",-23.477900,-54.187000,67640.5
3810,"Esperança Nova/PR",-23.723800,-53.811000,67687.6
3811,"São Jorge do Patrocínio/PR",-23.764700,-53.882300,67696.2
3812,"Altônia/PR",-23.875900,-53.895800,67708.6
3813,"Francisco Alves/PR",-24.066700,-53.846100,67730.4
3814,"Iporã/PR",-24.008300,-53.706000,67746.1
3815,"Pérola/PR",-23.803900,-53.683400,67768.9
3816,"Xambrê/PR",-23.736400,-53.488400,67790.1
3817,"Umuarama/PR",-23.765600,-53.320100,67807.5
3818,"Perobal/PR",-23.894900,-53.409800,67824.6
3819,"Cafezal do Sul/PR",-23.900500,-53.512400,67835.0
3820,"Alto Piquiri/PR",-24.022400,-53.440000,67850.4
3821,"Mariluz/PR",-24.008900,-53.143200,67880.6
3822,"Moreira Sales/PR",-24.050900,-53.010200,67894.9
3823,"Tuneiras do Oeste/PR",-23.864800,-52.876900,67919.7
3824,"Tapejara/PR",-23.731500,-52.873500,67934.5
3825,"Cruzeiro do Oeste/PR",-23.779900,-53.077400,67955.9
3826,"Maria Helena/PR",-23.615800,-53.205300,67978.3
3827,"Nova Olímpia/PR",-23.470300,-53.089800,67998.3
3828,"Cidade Gaúcha/PR",-23.377200,-52.943600,68016.5
3829,"Tapira/PR",-23.319300,-53.068400,68030.8
3830,"Douradina/PR",-23.380700,-53.291800,68054.6
3831,"Ivaté/PR",-23.407200,-53.368700,68063.0
3832,"Icaraíma/PR",-23.394400,-53.615000,68088.1
3833,"Querência do Norte/PR",-23.083800,-53.483000,68125.2
3834,"Santa Cruz de Monte Castelo/PR",-22.958200,-53.294900,68149.0
3835,"Porto Rico/PR",-22.774700,-53.267700,68169.6
3836,"São Pedro do Paraná/PR",-22.823900,-53.224100,68176.7
3837,"Loanda/PR",-22.923200,-53.136200,68190.9
3838,"Santa Isabel do Ivaí/PR",-23.002500,-53.198900,68201.8
3839,"Santa Mônica/PR",-23.108000,-53.110300,68216.6
3840,"Planaltina do Paraná/PR",-23.010100,-52.916200,68239.3
3841,"Guairaçá/PR",-22.932000,-52.690600,68264.0
3842,"Amaporã/PR",-23.094300,-52.786600,68284.5
3843,"Mirador/PR",-23.255000,-52.776100,68302.4
3844,"Guaporema/PR",-23.340200,-52.778600,68311.9
3845,"Rondon/PR",-23.412000,-52.765900,68320.0
3846,"Indianópolis/PR",-23.476200,-52.698900,68329.9
3847,"São Manoel do Paraná/PR",-23.394100,-52.645400,68340.5
3848,"Japurá/PR",-23.469300,-52.555700,68352.9
3849,"São Tomé/PR",-23.534900,-52.590100,68361.0
3850,"Cianorte/PR",-23.659900,-52.605400,68375.0
3851,"Jussara/PR",-23.621900,-52.469300,68389.5
3852,"Terra Boa/PR",-23.768300,-52.447000,68405.9
3853,"Araruna/PR",-23.931500,-52.502100,68424.9
3854,"Peabiru/PR",-23.914000,-52.343100,68441.2
3855,"Campo Mourão/PR",-24.046300,-52.378000,68456.3
3856,"Corumbataí do Sul/PR",-24.101000,-52.117700,68483.4
3857,"Barbosa Ferraz/PR",-24.033400,-52.004000,68497.2
3858,"Godoy Moreira/PR",-24.173000,-51.924600,68514.7
3859,"Arapuã/PR",-24.313200,-51.785600,68535.7
3860,"Ivaiporã/PR",-24.248500,-51.675400,68549.0
3861,"Jardim Alegre/PR",-24.180900,-51.690200,68556.7
3862,"Lidianópolis/PR",-24.110000,-51.650600,68565.5
3863,"Lunardelli/PR",-24.082100,-51.736800,68574.8
3864,"São João do Ivaí/PR",-23.983300,-51.821500,68588.7
3865,"São Pedro do Ivaí/PR",-23.863400,-51.856800,68602.5
3866,"Fênix/PR",-23.913500,-51.980500,68616.3
3867,"Quinta do Sol/PR",-23.853300,-52.130900,68633.0
3868,"Engenheiro Beltrão/PR",-23.797000,-52.265900,68648.1
3869,"Ivatuba/PR",-23.618700,-52.220300,68668.4
3870,"Doutor Camargo/PR",-23.558200,-52.217800,68675.2
3871,"Floresta/PR",-23.603100,-52.080700,68690.0
3872,"Itambé/PR",-23.660100,-51.991200,68701.1
3873,"Bom Sucesso/PR",-23.706300,-51.767100,68724.5
3874,"Marumbi/PR",-23.705800,-51.640400,68737.4
3875,"Kaloré/PR",-23.818800,-51.668700,68750.3
3876,"Borrazópolis/PR",-23.936600,-51.587500,68765.8
3877,"Grandes Rios/PR",-24.146600,-51.509400,68790.4
3878,"Cruzmaltina/PR",-24.013200,-51.456300,68806.2
3879,"Faxinal/PR",-24.007700,-51.322700,68819.8
3880,"Mauá da Serra/PR",-23.898800,-51.227700,68835.3
3881,"Tamarana/PR",-23.720400,-51.099100,68859.1
3882,"Marilândia do Sul/PR",-23.742500,-51.313700,68881.0
3883,"Rio Bom/PR",-23.760600,-51.412200,68891.3
3884,"Novo Itacolomi/PR",-23.763100,-51.507900,68901.0
3885,"Califórnia/PR",-23.656600,-51.357400,68920.4
3886,"Apucarana/PR",-23.550000,-51.463500,68936.4
3887,"Cambira/PR",-23.589000,-51.579200,68949.0
3888,"Jandaia do Sul/PR",-23.601100,-51.644800,68955.8
3889,"Mandaguari/PR",-23.544600,-51.671000,68962.6
3890,"Marialva/PR",-23.484300,-51.792800,68976.7
3891,"Sarandi/PR",-23.444100,-51.876000,68986.3
3892,"Maringá/PR",-23.420500,-51.933300,68992.7
3893,"Paiçandu/PR",-23.455500,-52.046000,69004.9
3894,"Mandaguaçu/PR",-23.345800,-52.094400,69018.0
3895,"Presidente Castelo Branco/PR",-23.278200,-52.153600,69027.7
3896,"Ourizona/PR",-23.405300,-52.196400,69042.5
3897,"São Jorge do Ivaí/PR",-23.433600,-52.292900,69052.8
3898,"Floraí/PR",-23.317800,-52.302900,69065.7
3899,"São Carlos do Ivaí/PR",-23.315800,-52.476100,69083.4
3900,"Paraíso do Norte/PR",-23.282400,-52.605400,69097.1
3901,"Nova Aliança do Ivaí/PR",-23.176300,-52.603200,69108.9
3902,"Tamboara/PR",-23.203600,-52.474300,69122.5
3903,"Paranavaí/PR",-23.081600,-52.461700,69136.1
3904,"Alto Paraná/PR",-23.131200,-52.318900,69151.7
3905,"Nova Esperança/PR",-23.182000,-52.203100,69164.8
3906,"Uniflor/PR",-23.086800,-52.157300,69176.4
3907,"Cruzeiro do Sul/PR",-22.962400,-52.162200,69190.2
3908,"Paranacity/PR",-22.929700,-52.154900,69193.9
3909,"São João do Caiuá/PR",-22.853500,-52.341100,69214.8
3910,"Santo Antônio do Caiuá/PR",-22.735100,-52.344000,69228.0
3911,"Inajá/PR",-22.750900,-52.199500,69242.9
3912,"Paranapoema/PR",-22.641200,-52.090500,69259.5
3913,"Teodoro Sampaio/SP",-22.529900,-52.168200,69274.2
3914,"Jardim Olinda/PR",-22.552300,-52.050300,69286.5
3915,"Itaguajé/PR",-22.618300,-51.967400,69297.8
3916,"Santa Inês/PR",-22.637600,-51.902400,69304.8
3917,"Colorado/PR",-22.837400,-51.974300,69328.2
3918,"Lobato/PR",-23.005800,-51.952400,69347.1
3919,"Flórida/PR",-23.084700,-51.954600,69355.8
3920,"Atalaia/PR",-23.151700,-52.055100,69368.5
3921,"Ângulo/PR",-23.194600,-51.915400,69383.6
3922,"Iguaraçu/PR",-23.194900,-51.825600,69392.8
3923,"Munhoz de Melo/PR",-23.148700,-51.773700,69400.1
3924,"Santa Fé/PR",-23.040000,-51.808000,69412.7
3925,"Nossa Senhora das Graças/PR",-22.912900,-51.797800,69426.9
3926,"Guaraci/PR",-22.969400,-51.650400,69443.3
3927,"Centenário do Sul/PR",-22.818800,-51.597300,69460.9
3928,"Lupionópolis/PR",-22.755000,-51.660100,69470.4
3929,"Cafeara/PR",-22.789000,-51.714200,69477.2
3930,"Santo Inácio/PR",-22.695700,-51.796900,69490.6
3931,"Estrela do Norte/SP",-22.485900,-51.663200,69517.6
3932,"Sandovalina/SP",-22.455100,-51.764800,69528.6
3933,"Mirante do Paranapanema/SP",-22.290400,-51.908400,69552.1
3934,"Marabá Paulista/SP",-22.106800,-51.961700,69573.3
3935,"Presidente Venceslau/SP",-21.873200,-51.844700,69601.9
3936,"Caiuá/SP",-21.832200,-51.996900,69618.3
3937,"Presidente Epitácio/SP",-21.765100,-52.111100,69632.2
3938,"Bataguassu/MS",-21.715900,-52.422100,69664.8
3939,"Anaurilândia/MS",-22.185200,-52.719100,69725.3
3940,"Euclides da Cunha Paulista/SP",-22.554500,-52.592800,69768.4
3941,"Terra Rica/PR",-22.711100,-52.618800,69786.0
3942,"Diamante do Norte/PR",-22.655000,-52.861700,69811.7
3943,"Itaúna do Sul/PR",-22.728900,-52.887400,69820.3
3944,"Nova Londrina/PR",-22.763900,-52.986800,69831.2
3945,"Marilena/PR",-22.733600,-53.040200,69837.7
3946,"Rosana/SP",-22.578200,-53.060300,69855.1
3947,"Taquarussu/MS",-22.489800,-53.351900,69886.6
3948,"Batayporã/MS",-22.294400,-53.270500,69909.9
3949,"Nova Andradina/MS",-22.238000,-53.343700,69919.7
3950,"Angélica/MS",-22.152700,-53.770800,69964.7
3951,"Ivinhema/MS",-22.304600,-53.818400,69982.2
3952,"Novo Horizonte do Sul/MS",-22.669300,-53.860100,70023.0
3953,"Deodápolis/MS",-22.276300,-54.168200,70077.0
3954,"Glória de Dourados/MS",-22.413600,-54.233500,70093.7
3955,"Jateí/MS",-22.480600,-54.307900,70104.3
3956,"Vicentina/MS",-22.409800,-54.441500,70120.2
3957,"Fátima do Sul/MS",-22.378900,-54.513100,70128.3
3958,"Dourados/MS",-22.223100,-54.812000,70163.6
3959,"Itaporã/MS",-22.080000,-54.793400,70179.6
3960,"Douradina/MS",-22.040500,-54.615800,70198.4
3961,"Rio Brilhante/MS",-21.803300,-54.542700,70225.9
3962,"Nova Alvorada do Sul/MS",-21.465700,-54.382500,70266.9
3963,"Maracaju/MS",-21.610500,-55.167800,70349.7
3964,"Nioaque/MS",-21.141900,-55.829600,70435.8
3965,"Guia Lopes da Laguna/MS",-21.458300,-56.111700,70481.5
3966,"Jardim/MS",-21.479900,-56.148900,70486.1
3967,"Antônio João/MS",-22.192700,-55.951700,70567.9
3968,"Bela Vista/MS",-22.107300,-56.526300,70627.8
3969,"Caracol/MS",-22.011000,-57.027700,70680.6
3970,"Porto Murtinho/MS",-21.698100,-57.883600,70775.5
3971,"Bonito/MS",-21.126100,-56.483600,70933.8
3972,"Bodoquena/MS",-20.537000,-56.712700,71003.5
3973,"Corumbá/MS",-19.007700,-57.651000,71199.8
3974,"Ladário/MS",-19.008900,-57.597300,71205.5
3975,"Miranda/MS",-20.235500,-56.374600,71392.6
3976,"Anastácio/MS",-20.482300,-55.810400,71457.5
3977,"Aquidauana/MS",-20.466600,-55.786800,71460.5
3978,"Dois Irmãos do Buriti/MS",-20.684800,-55.291500,71517.5
3979,"Sidrolândia/MS",-20.930200,-54.969200,71560.7
3980,"Terenos/MS",-20.437800,-54.864700,71616.5
3981,"Campo Grande/MS",-20.448600,-54.629500,71641.1
3982,"Ribas do Rio Pardo/MS",-20.444500,-53.758800,71731.8
3983,"Jaraguari/MS",-20.138600,-54.399600,71806.8
3984,"Bandeirantes/MS",-19.927500,-54.358500,71830.6
3985,"Camapuã/MS",-19.534700,-54.043100,71885.4
3986,"São Gabriel do Oeste/MS",-19.388900,-54.550700,71941.0
3987,"Corguinho/MS",-19.824300,-54.828100,71997.5
3988,"Rochedo/MS",-19.956500,-54.884800,72013.3
3989,"Rio Negro/MS",-19.447000,-54.985900,72071.0
3990,"Rio Verde de Mato Grosso/MS",-18.924900,-54.843400,72130.9
3991,"Coxim/MS",-18.501300,-54.751000,72179.0
3992,"Pedro Gomes/MS",-18.099600,-54.550700,72228.4
3993,"Sonora/MS",-17.569800,-54.755100,72291.2
3994,"Itiquira/MT",-17.214700,-54.142200,72367.3
3995,"São José do Povo/MT",-16.454900,-54.248700,72452.5
3996,"Pedra Preta/MT",-16.624500,-54.472200,72482.9
3997,"Rondonópolis/MT",-16.467300,-54.637200,72507.7
3998,"Juscimeira/MT",-16.063300,-54.885900,72559.9
3999,"São Pedro da Cipa/MT",-16.010900,-54.917600,72566.6
4000,"Jaciara/MT",-15.954800,-54.973300,72575.2
4001,"Dom Aquino/MT",-15.809900,-54.922300,72592.2
4002,"Campo Verde/MT",-15.545000,-55.162600,72631.4
4003,"Chapada dos Guimarães/MT",-15.464300,-55.749900,72694.9
4004,"Cuiabá/MT",-15.601000,-56.097400,72735.1
4005,"Várzea Grande/MT",-15.645800,-56.132200,72741.3
4006,"Nossa Senhora do Livramento/MT",-15.772000,-56.343200,72767.9
4007,"Santo Antônio do Leverger/MT",-15.863200,-56.078800,72798.0
4008,"Barão de Melgaço/MT",-16.206700,-55.962300,72838.2
4009,"Poconé/MT",-16.266000,-56.626100,72909.3
4010,"Cáceres/MT",-16.076400,-57.681800,73024.0
4011,"Porto Estrela/MT",-15.323500,-57.220400,73121.2
4012,"Barra do Bugres/MT",-15.070200,-57.187800,73149.6
4013,"Nova Olímpia/MT",-14.788900,-57.288600,73182.7
4014,"Tangará da Serra/MT",-14.622900,-57.493300,73211.4
4015,"Denise/MT",-14.732400,-57.058300,73259.8
4016,"Santo Afonso/MT",-14.494500,-57.009100,73286.8
4017,"Nova Marilândia/MT",-14.356800,-56.969600,73302.7
4018,"Arenápolis/MT",-14.447200,-56.843700,73319.5
4019,"Nortelândia/MT",-14.454000,-56.794500,73324.9
4020,"Jangada/MT",-15.235000,-56.491700,73417.6
4021,"Acorizal/MT",-15.194000,-56.363200,73432.2
4022,"Rosário Oeste/MT",-14.825900,-56.423600,73473.6
4023,"Nobres/MT",-14.719200,-56.328400,73489.3
4024,"Alto Paraguai/MT",-14.513700,-56.477600,73517.2
4025,"Diamantino/MT",-14.403700,-56.436600,73530.2
4026,"Nova Mutum/MT",-13.837400,-56.074300,73604.3
4027,"São José do Rio Claro/MT",-13.439800,-56.721800,73687.1
4028,"Nova Maringá/MT",-13.013600,-57.090800,73749.1
4029,"Tapurah/MT",-12.695000,-56.517800,73820.6
4030,"Itanhangá/MT",-12.225900,-56.646300,73874.6
4031,"Ipiranga do Norte/MT",-12.240800,-56.153100,73928.2
4032,"Sorriso/MT",-12.542500,-55.721100,73985.9
4033,"Lucas do Rio Verde/MT",-13.058800,-55.904200,74046.6
4034,"Nova Ubiratã/MT",-12.983400,-55.255600,74117.4
4035,"Boa Esperança do Norte/MT",-13.506700,-55.148600,74176.7
4036,"Santa Rita do Trivelato/MT",-13.814600,-55.270600,74213.4
4037,"Nova Brasilândia/MT",-14.961200,-54.968500,74345.0
4038,"Planalto da Serra/MT",-14.651800,-54.781900,74384.8
4039,"Paranatinga/MT",-14.426500,-54.052400,74467.2
4040,"Santo Antônio do Leste/MT",-14.805000,-53.607500,74531.0
4041,"Primavera do Leste/MT",-15.544000,-54.281100,74640.4
4042,"Poxoréu/MT",-15.829900,-54.420800,74675.5
4043,"Tesouro/MT",-16.080900,-53.559000,74771.8
4044,"Guiratinga/MT",-16.346000,-53.757500,74808.1
4045,"Alto Garças/MT",-16.946200,-53.527200,74879.2
4046,"Alto Araguaia/MT",-17.315300,-53.218100,74931.8
4047,"Santa Rita do Araguaia/GO",-17.326900,-53.201200,74934.0
4048,"Alto Taquari/MT",-17.824100,-53.279200,74989.9
4049,"Alcinópolis/MS",-18.325500,-53.704200,75061.5
4050,"Figueirão/MS",-18.678200,-53.638000,75101.3
4051,"Costa Rica/MS",-18.543200,-53.128700,75157.1
4052,"Paraíso das Águas/MS",-19.021600,-53.011600,75211.7
4053,"Chapadão do Sul/MS",-18.788000,-52.626300,75259.8
4054,"Chapadão do Céu/GO",-18.407300,-52.549000,75302.9
4055,"Serranópolis/GO",-18.306700,-51.958600,75366.2
4056,"Jataí/GO",-17.878400,-51.720400,75420.1
4057,"Perolândia/GO",-17.525800,-52.065000,75473.7
4058,"Mineiros/GO",-17.565400,-52.553700,75525.7
4059,"Portelândia/GO",-17.355400,-52.679900,75552.6
4060,"Araguainha/MT",-16.857000,-53.031800,75619.4
4061,"Ponte Branca/MT",-16.758400,-52.836900,75642.9
4062,"Doverlândia/GO",-16.718800,-52.318900,75698.2
4063,"Ribeirãozinho/MT",-16.485600,-52.692400,75745.7
4064,"Torixoréu/MT",-16.200600,-52.557100,75780.6
4065,"Baliza/GO",-16.196600,-52.539300,75782.5
4066,"Bom Jardim de Goiás/GO",-16.206300,-52.172800,75821.7
4067,"Piranhas/GO",-16.425800,-51.823500,75866.2
4068,"Arenópolis/GO",-16.383700,-51.556300,75895.1
4069,"Palestina de Goiás/GO",-16.739200,-51.530900,75934.7
4070,"Caiapônia/GO",-16.953900,-51.809100,75972.7
4071,"Montividiu/GO",-17.443900,-51.172800,76059.6
4072,"Rio Verde/GO",-17.792300,-50.919200,76106.7
4073,"Santa Helena de Goiás/GO",-17.811500,-50.597700,76140.8
4074,"Santo Antônio da Barra/GO",-17.558500,-50.634500,76169.2
4075,"Acreúna/GO",-17.396000,-50.374900,76202.2
4076,"Edéia/GO",-17.340600,-49.929500,76249.8
4077,"Indiara/GO",-17.138700,-49.986200,76273.1
4078,"Jandaia/GO",-17.048100,-50.145300,76292.7
4079,"Paraúna/GO",-16.946300,-50.448400,76326.9
4080,"São João da Paraúna/GO",-16.812600,-50.409200,76342.3
4081,"Palminópolis/GO",-16.792400,-50.165200,76368.4
4082,"Turvânia/GO",-16.612500,-50.136900,76388.6
4083,"Anicuns/GO",-16.464200,-49.961700,76413.6
4084,"Nazário/GO",-16.580800,-49.881700,76429.1
4085,"Avelinópolis/GO",-16.467200,-49.757900,76447.3
4086,"Santa Bárbara de Goiás/GO",-16.571400,-49.695400,76460.7
4087,"Campestre de Goiás/GO",-16.762400,-49.695000,76482.0
4088,"Palmeiras de Goiás/GO",-16.804400,-49.924000,76506.8
4089,"Cezarina/GO",-16.971800,-49.775800,76531.2
4090,"Varjão/GO",-17.047100,-49.631200,76548.7
4091,"Aragoiânia/GO",-16.908700,-49.447600,76573.5
4092,"Guapó/GO",-16.829700,-49.534500,76586.3
4093,"Abadia de Goiás/GO",-16.757300,-49.441200,76599.1
4094,"Trindade/GO",-16.651700,-49.492700,76612.0
4095,"Goiânia/GO",-16.686400,-49.264300,76636.7
4096,"Aparecida de Goiânia/GO",-16.819800,-49.246900,76651.6
4097,"Hidrolândia/GO",-16.962600,-49.226500,76667.6
4098,"Bela Vista de Goiás/GO",-16.969300,-48.951300,76696.9
4099,"Senador Canedo/GO",-16.708400,-49.091400,76729.5
4100,"Caldazinha/GO",-16.711700,-49.001300,76739.1
4101,"Bonfinópolis/GO",-16.617300,-48.961600,76750.5
4102,"Goianápolis/GO",-16.509800,-49.023400,76764.1
4103,"Terezópolis de Goiás/GO",-16.394500,-49.079700,76778.3
4104,"Anápolis/GO",-16.328100,-48.953000,76793.7
4105,"Campo Limpo de Goiás/GO",-16.297100,-49.089500,76808.6
4106,"Ouro Verde de Goiás/GO",-16.218100,-49.194200,76822.9
4107,"São Francisco de Goiás/GO",-15.925600,-49.260500,76856.1
4108,"Jaraguá/GO",-15.752900,-49.334400,76876.9
4109,"Jesúpolis/GO",-15.948400,-49.373900,76899.1
4110,"Petrolina de Goiás/GO",-16.096800,-49.336400,76916.0
4111,"Damolândia/GO",-16.254400,-49.363100,76933.8
4112,"Nova Veneza/GO",-16.369500,-49.316800,76947.5
4113,"Nerópolis/GO",-16.404700,-49.222700,76958.3
4114,"Santo Antônio de Goiás/GO",-16.481500,-49.309600,76970.9
4115,"Brazabrantes/GO",-16.428100,-49.386300,76981.0
4116,"Goianira/GO",-16.494700,-49.427000,76989.6
4117,"Caturaí/GO",-16.444700,-49.493600,76998.6
4118,"Inhumas/GO",-16.361100,-49.500100,77007.9
4119,"Araçu/GO",-16.356300,-49.680400,77027.2
4120,"Itauçu/GO",-16.202900,-49.610900,77045.8
4121,"Santa Rosa de Goiás/GO",-16.084000,-49.495300,77063.9
4122,"Taquaral de Goiás/GO",-16.052100,-49.603900,77076.0
4123,"Itaguari/GO",-15.918000,-49.607100,77090.9
4124,"Itaguaru/GO",-15.756500,-49.635400,77109.1
4125,"Heitoraí/GO",-15.719000,-49.826800,77130.0
4126,"Itapuranga/GO",-15.560600,-49.949000,77152.0
4127,"Guaraíta/GO",-15.612100,-50.026500,77162.0
4128,"Faina/GO",-15.447300,-50.362200,77202.4
4129,"Morro Agudo de Goiás/GO",-15.318400,-50.055300,77238.3
4130,"São Patrício/GO",-15.350000,-49.818000,77264.0
4131,"Carmo do Rio Verde/GO",-15.354900,-49.708000,77275.8
4132,"Uruana/GO",-15.499300,-49.686100,77292.0
4133,"Rianápolis/GO",-15.445600,-49.511400,77311.7
4134,"Santa Isabel/GO",-15.295800,-49.425900,77330.7
4135,"Rialma/GO",-15.314500,-49.581400,77347.5
4136,"Ceres/GO",-15.306100,-49.600000,77349.7
4137,"Nova Glória/GO",-15.145000,-49.573700,77367.8
4138,"Ipiranga de Goiás/GO",-15.168900,-49.669500,77378.5
4139,"Rubiataba/GO",-15.161700,-49.804800,77393.0
4140,"Nova América/GO",-15.020600,-49.895300,77411.4
4141,"Itapaci/GO",-14.952200,-49.551100,77449.2
4142,"São Luiz do Norte/GO",-14.860800,-49.328500,77475.2
4143,"Hidrolina/GO",-14.726100,-49.463400,77496.0
4144,"Pilar de Goiás/GO",-14.760800,-49.578400,77509.0
4145,"Guarinos/GO",-14.729200,-49.700600,77522.6
4146,"Crixás/GO",-14.541200,-49.974000,77558.7
4147,"Uirapuru/GO",-14.283500,-49.920100,77587.9
4148,"Santa Terezinha de Goiás/GO",-14.432600,-49.709100,77616.0
4149,"Campos Verdes/GO",-14.244200,-49.652800,77637.9
4150,"Nova Iguaçu de Goiás/GO",-14.286800,-49.387200,77666.9
4151,"Alto Horizonte/GO",-14.197800,-49.337800,77678.1
4152,"Campinorte/GO",-14.313700,-49.151100,77702.0
4153,"Uruaçu/GO",-14.523800,-49.139600,77725.4
4154,"Barro Alto/GO",-14.965800,-48.908600,77780.5
4155,"Santa Rita do Novo Destino/GO",-15.135100,-49.120300,77810.0
4156,"Goianésia/GO",-15.311800,-49.116200,77829.6
4157,"Vila Propício/GO",-15.454200,-48.881900,77859.3
4158,"Cocalzinho de Goiás/GO",-15.791400,-48.774700,77898.5
4159,"Pirenópolis/GO",-15.850700,-48.958400,77919.3
4160,"Corumbá de Goiás/GO",-15.924500,-48.811700,77937.0
4161,"Alexânia/GO",-16.083400,-48.507600,77974.0
4162,"Abadiânia/GO",-16.197000,-48.705700,77998.6
4163,"Gameleira de Goiás/GO",-16.485400,-48.645400,78031.3
4164,"Leopoldo de Bulhões/GO",-16.619000,-48.742800,78049.4
4165,"Silvânia/GO",-16.660000,-48.608300,78064.5
4166,"Vianópolis/GO",-16.740500,-48.515900,78077.8
4167,"Orizona/GO",-17.033400,-48.296400,78117.9
4168,"São Miguel do Passa Quatro/GO",-17.058200,-48.662000,78156.8
4169,"Cristianópolis/GO",-17.198700,-48.703400,78173.1
4170,"Santa Cruz de Goiás/GO",-17.315500,-48.480900,78200.0
4171,"Palmelo/GO",-17.325800,-48.426000,78206.0
4172,"Pires do Rio/GO",-17.301900,-48.276800,78222.0
4173,"Urutaí/GO",-17.465100,-48.201500,78241.8
4174,"Ipameri/GO",-17.721500,-48.158100,78270.7
4175,"Campo Alegre de Goiás/GO",-17.636300,-47.776800,78312.2
4176,"Cristalina/GO",-16.767600,-47.613100,78410.4
4177,"Luziânia/GO",-16.253000,-47.950000,78477.9
4178,"Cidade Ocidental/GO",-16.076500,-47.925200,78497.7
4179,"Valparaíso de Goiás/GO",-16.065100,-47.975700,78503.3
4180,"Novo Gama/GO",-16.059200,-48.041700,78510.4
4181,"Santo Antônio do Descoberto/GO",-15.941200,-48.257800,78536.9
4182,"Águas Lindas de Goiás/GO",-15.761700,-48.281600,78557.0
4183,"Brasília/DF",-15.779500,-47.929700,78594.7
4184,"Planaltina/GO",-15.452000,-47.608900,78644.8
4185,"Formosa/GO",-15.540000,-47.337000,78675.5
4186,"Vila Boa/GO",-15.038700,-47.052000,78739.1
4187,"Flores de Goiás/GO",-14.445100,-47.041700,78805.1
4188,"Iaciara/GO",-14.101100,-46.633500,78863.4
4189,"Guarani de Goiás/GO",-13.942100,-46.486800,78887.2
4190,"Posse/GO",-14.085900,-46.370400,78907.5
4191,"Simolândia/GO",-14.464400,-46.484700,78951.3
4192,"Alvorada do Norte/GO",-14.479700,-46.491000,78953.2
4193,"Buritinópolis/GO",-14.477200,-46.407600,78962.2
4194,"Mambaí/GO",-14.482300,-46.116500,78993.5
4195,"Damianópolis/GO",-14.560400,-46.178000,79004.4
4196,"Sítio d'Abadia/GO",-14.799200,-46.250600,79032.1
4197,"Formoso/MG",-14.944600,-46.237100,79048.3
4198,"Chapada Gaúcha/MG",-15.301400,-45.611600,79126.3
4199,"Bonito de Minas/MG",-15.323100,-44.754300,79218.3
4200,"Cônego Marinho/MG",-15.289200,-44.418100,79254.5
4201,"Miravânia/MG",-14.734800,-44.409200,79316.2
4202,"São João das Missões/MG",-14.885900,-44.092200,79354.2
4203,"Manga/MG",-14.752900,-43.939100,79376.3
4204,"Matias Cardoso/MG",-14.856300,-43.914600,79388.1
4205,"Itacarambi/MG",-15.089000,-44.095000,79420.4
4206,"Jaíba/MG",-15.343200,-43.668800,79474.2
4207,"Gameleiras/MG",-15.082900,-43.125000,79539.3
4208,"Mamonas/MG",-15.047900,-42.946900,79558.9
4209,"Espinosa/MG",-14.924900,-42.809000,79579.0
4210,"Monte Azul/MG",-15.151400,-42.871800,79605.1
4211,"Mato Verde/MG",-15.394400,-42.860000,79632.1
4212,"Catuti/MG",-15.361600,-42.962700,79643.7
4213,"Pai Pedro/MG",-15.527100,-43.070000,79665.4
4214,"Porteirinha/MG",-15.740400,-43.028100,79689.6
4215,"Serranópolis de Minas/MG",-15.817600,-42.873200,79708.2
4216,"Riacho dos Machados/MG",-16.009100,-43.048800,79736.6
4217,"Nova Porteirinha/MG",-15.799300,-43.294100,79771.7
4218,"Janaúba/MG",-15.802200,-43.313200,79773.8
4219,"Verdelândia/MG",-15.584500,-43.612100,79813.9
4220,"Varzelândia/MG",-15.699200,-44.027800,79860.2
4221,"Ibiracatu/MG",-15.660500,-44.166700,79875.7
4222,"Januária/MG",-15.480200,-44.363900,79904.8
4223,"Pedras de Maria da Cruz/MG",-15.603200,-44.391000,79918.8
4224,"Lontra/MG",-15.901300,-44.306000,79953.2
4225,"Japonvar/MG",-15.989100,-44.275800,79963.5
4226,"São João da Ponte/MG",-15.927100,-44.009600,79992.8
4227,"Patis/MG",-16.077300,-44.078700,80011.0
4228,"Mirabela/MG",-16.256000,-44.160200,80032.7
4229,"Brasília de Minas/MG",-16.210400,-44.429900,80061.9
4230,"Luislândia/MG",-16.109500,-44.588600,80082.3
4231,"São Francisco/MG",-15.951400,-44.859300,80116.1
4232,"Pintópolis/MG",-16.057200,-45.140200,80148.4
4233,"São Romão/MG",-16.364100,-45.074900,80183.2
4234,"Icaraí de Minas/MG",-16.214000,-44.903400,80208.0
4235,"Ubaí/MG",-16.288500,-44.778300,80223.7
4236,"Campo Azul/MG",-16.502800,-44.809600,80247.8
4237,"São João do Pacuí/MG",-16.537300,-44.513400,80279.6
4238,"Coração de Jesus/MG",-16.684100,-44.363500,80302.4
4239,"São João da Lagoa/MG",-16.845500,-44.350700,80320.4
4240,"Lagoa dos Patos/MG",-16.978000,-44.575400,80348.5
4241,"Jequitaí/MG",-17.229000,-44.437600,80380.0
4242,"Claro dos Poções/MG",-17.082000,-44.206100,80409.5
4243,"Francisco Dumont/MG",-17.310700,-44.231700,80435.1
4244,"Joaquim Felício/MG",-17.758000,-44.164300,80485.4
4245,"Buenópolis/MG",-17.874400,-44.177500,80498.4
4246,"Augusto de Lima/MG",-18.099700,-44.265500,80525.1
4247,"Santo Hipólito/MG",-18.296800,-44.222900,80547.5
4248,"Monjolos/MG",-18.324500,-44.118000,80559.0
4249,"Presidente Juscelino/MG",-18.640100,-44.060000,80594.6
4250,"Inimutaba/MG",-18.727100,-44.358400,80627.5
4251,"Curvelo/MG",-18.752700,-44.430300,80635.6
4252,"Felixlândia/MG",-18.750700,-44.900400,80685.1
4253,"Morro da Garça/MG",-18.535600,-44.601000,80724.6
4254,"Corinto/MG",-18.369000,-44.454200,80748.8
4255,"Lassance/MG",-17.887000,-44.573500,80803.8
4256,"Várzea da Palma/MG",-17.594400,-44.722600,80840.0
4257,"Buritizeiro/MG",-17.365600,-44.960600,80875.9
4258,"Pirapora/MG",-17.339200,-44.934000,80879.9
4259,"Ibiaí/MG",-16.859100,-44.904600,80933.4
4260,"Ponto Chique/MG",-16.628200,-45.058800,80963.9
4261,"Santa Fé de Minas/MG",-16.685900,-45.410200,81001.9
4262,"Urucuia/MG",-16.124400,-45.735200,81073.3
4263,"Riachinho/MG",-16.225800,-45.988800,81102.6
4264,"Uruana de Minas/MG",-16.063400,-46.244300,81135.3
4265,"Arinos/MG",-15.918700,-46.104300,81157.3
4266,"Buritis/MG",-15.621800,-46.422100,81204.7
4267,"Cabeceiras/GO",-15.799500,-46.926500,81262.2
4268,"Cabeceira Grande/MG",-16.033500,-47.086200,81293.3
4269,"Unaí/MG",-16.359200,-46.902200,81334.5
4270,"Natalândia/MG",-16.502100,-46.487400,81381.5
4271,"Dom Bosco/MG",-16.652000,-46.259700,81411.0
4272,"Bonfinópolis de Minas/MG",-16.568000,-45.983900,81441.8
4273,"Brasilândia de Minas/MG",-16.999900,-46.008100,81489.9
4274,"João Pinheiro/MG",-17.739800,-46.171500,81574.0
4275,"Lagoa Grande/MG",-17.832300,-46.516500,81611.9
4276,"Paracatu/MG",-17.225200,-46.871100,81689.2
4277,"Guarda-Mor/MG",-17.767300,-47.099800,81754.2
4278,"Vazante/MG",-17.982700,-46.908800,81785.5
4279,"Lagamar/MG",-18.175900,-46.806300,81809.6
4280,"Coromandel/MG",-18.473400,-47.193300,81862.1
4281,"Abadia dos Dourados/MG",-18.483100,-47.391600,81883.1
4282,"Monte Carmelo/MG",-18.730200,-47.491200,81912.5
4283,"Iraí de Minas/MG",-18.981900,-47.461000,81940.7
4284,"Romaria/MG",-18.883800,-47.578200,81957.1
4285,"Estrela do Sul/MG",-18.739900,-47.695600,81977.3
4286,"Cascalho Rico/MG",-18.577200,-47.871600,82003.2
4287,"Grupiara/MG",-18.500300,-47.731800,82020.3
4288,"Douradoquara/MG",-18.433800,-47.599300,82036.1
4289,"Davinópolis/GO",-18.150100,-47.556800,82068.0
4290,"Três Ranchos/GO",-18.353900,-47.776000,82100.4
4291,"Ouvidor/GO",-18.227700,-47.835500,82115.7
4292,"Catalão/GO",-18.165600,-47.944000,82129.1
4293,"Goiandira/GO",-18.135200,-48.087500,82144.6
4294,"Nova Aurora/GO",-18.059700,-48.255200,82164.3
4295,"Cumari/GO",-18.264400,-48.151100,82189.5
4296,"Anhanguera/GO",-18.333900,-48.220400,82200.2
4297,"Araguari/MG",-18.645600,-48.193400,82235.0
4298,"Uberlândia/MG",-18.914100,-48.274900,82266.0
4299,"Indianópolis/MG",-19.034100,-47.915500,82306.1
4300,"Nova Ponte/MG",-19.146100,-47.677900,82334.0
4301,"Santa Juliana/MG",-19.310800,-47.532200,82357.9
4302,"Pedrinópolis/MG",-19.224100,-47.457900,82370.3
4303,"Perdizes/MG",-19.343400,-47.296300,82391.8
4304,"Araxá/MG",-19.590200,-46.943800,82437.8
4305,"Tapira/MG",-19.916600,-46.826400,82476.1
4306,"Delfinópolis/MG",-20.346800,-46.845600,82524.0
4307,"Vargem Bonita/MG",-20.333300,-46.368800,82573.8
4308,"São Roque de Minas/MG",-20.249000,-46.363900,82583.1
4309,"Medeiros/MG",-19.986500,-46.218100,82616.1
4310,"Campos Altos/MG",-19.691400,-46.172500,82649.2
4311,"Pratinha/MG",-19.739000,-46.375500,82671.1
4312,"Ibiá/MG",-19.474900,-46.547400,82705.6
4313,"Serra do Salitre/MG",-19.108300,-46.696100,82749.2
4314,"Patrocínio/MG",-18.937900,-46.993400,82785.8
4315,"Guimarânia/MG",-18.842500,-46.790100,82809.6
4316,"Cruzeiro da Fortaleza/MG",-18.944000,-46.666900,82826.8
4317,"Lagoa Formosa/MG",-18.771500,-46.401200,82860.7
4318,"Patos de Minas/MG",-18.569900,-46.501300,82885.5
4319,"Presidente Olegário/MG",-18.409600,-46.416500,82905.4
4320,"Varjão de Minas/MG",-18.374100,-46.031300,82946.3
4321,"São Gonçalo do Abaeté/MG",-18.331500,-45.826500,82968.4
4322,"Três Marias/MG",-18.204800,-45.247300,83031.2
4323,"Morada Nova de Minas/MG",-18.599800,-45.358400,83076.6
4324,"Biquinhas/MG",-18.775400,-45.497400,83101.0
4325,"Paineiras/MG",-18.899300,-45.532100,83115.3
4326,"Cedro do Abaeté/MG",-19.145800,-45.712000,83148.6
4327,"Tiros/MG",-19.003700,-45.962600,83179.3
4328,"Arapuá/MG",-19.026800,-46.148400,83199.0
4329,"Carmo do Paranaíba/MG",-18.991000,-46.316700,83217.1
4330,"Rio Paranaíba/MG",-19.186100,-46.245500,83240.1
4331,"Matutina/MG",-19.217900,-45.966400,83269.6
4332,"São Gotardo/MG",-19.308700,-46.046500,83282.7
4333,"Santa Rosa da Serra/MG",-19.518600,-45.961100,83307.7
4334,"Estrela do Indaiá/MG",-19.516900,-45.785900,83326.1
4335,"Serra da Saudade/MG",-19.444700,-45.795000,83334.2
4336,"Dores do Indaiá/MG",-19.462800,-45.592700,83355.5
4337,"Quartel Geral/MG",-19.270300,-45.556900,83377.2
4338,"Abaeté/MG",-19.155100,-45.444400,83394.6
4339,"Martinho Campos/MG",-19.330600,-45.243400,83423.4
4340,"Pompéu/MG",-19.225700,-45.014100,83450.1
4341,"Papagaios/MG",-19.441900,-44.746800,83487.1
4342,"Maravilhas/MG",-19.507600,-44.677900,83497.3
4343,"Pequi/MG",-19.628400,-44.660400,83510.9
4344,"Onça de Pitangui/MG",-19.727600,-44.805800,83529.7
4345,"Conceição do Pará/MG",-19.745600,-44.894500,83539.2
4346,"Pitangui/MG",-19.674100,-44.896400,83547.2
4347,"Leandro Ferreira/MG",-19.719300,-45.027900,83561.8
4348,"Bom Despacho/MG",-19.738600,-45.262200,83586.4
4349,"Moema/MG",-19.838700,-45.412700,83605.7
4350,"Luz/MG",-19.791100,-45.679400,83634.1
4351,"Córrego Danta/MG",-19.819800,-45.903200,83657.7
4352,"Tapiraí/MG",-19.893600,-46.022100,83672.6
4353,"Bambuí/MG",-20.016600,-45.975400,83687.2
4354,"Doresópolis/MG",-20.286800,-45.900700,83718.2
4355,"Iguatama/MG",-20.177600,-45.711100,83741.4
4356,"Lagoa da Prata/MG",-20.023700,-45.540100,83766.1
4357,"Japaraíba/MG",-20.144200,-45.501500,83780.1
4358,"Arcos/MG",-20.286300,-45.537300,83796.4
4359,"Formiga/MG",-20.461800,-45.426800,83819.0
4360,"Córrego Fundo/MG",-20.447400,-45.561700,83833.2
4361,"Pains/MG",-20.370500,-45.662700,83846.7
4362,"Pimenta/MG",-20.482700,-45.804900,83866.1
4363,"Piumhi/MG",-20.476200,-45.958900,83882.2
4364,"Capitólio/MG",-20.616400,-46.049300,83900.4
4365,"Guapé/MG",-20.763100,-45.915200,83921.8
4366,"Ilicínea/MG",-20.940200,-45.830800,83943.4
4367,"Carmo do Rio Claro/MG",-20.973600,-46.114900,83973.1
4368,"Conceição da Aparecida/MG",-21.096000,-46.204900,83989.6
4369,"Alterosa/MG",-21.248800,-46.138700,84008.0
4370,"Areado/MG",-21.357200,-46.142100,84020.0
4371,"Monte Belo/MG",-21.327100,-46.363500,84043.2
4372,"Cabo Verde/MG",-21.469900,-46.391900,84059.3
4373,"Botelhos/MG",-21.641200,-46.391000,84078.4
4374,"Bandeira do Sul/MG",-21.730800,-46.383300,84088.4
4375,"Campestre/MG",-21.707900,-46.238100,84103.6
4376,"Divisa Nova/MG",-21.509200,-46.190400,84126.2
4377,"Serrania/MG",-21.544100,-46.041700,84142.1
4378,"Alfenas/MG",-21.425600,-45.947700,84158.5
4379,"Fama/MG",-21.408900,-45.828600,84170.9
4380,"Paraguaçu/MG",-21.546500,-45.737400,84188.9
4381,"Elói Mendes/MG",-21.608800,-45.569100,84207.7
4382,"Varginha/MG",-21.555600,-45.436400,84222.6
4383,"Monsenhor Paulo/MG",-21.757900,-45.539100,84247.5
4384,"São Gonçalo do Sapucaí/MG",-21.893200,-45.589300,84263.4
4385,"Cordislândia/MG",-21.789100,-45.699900,84279.6
4386,"Turvolândia/MG",-21.873300,-45.785900,84292.5
4387,"Carvalhópolis/MG",-21.773500,-45.842100,84305.1
4388,"Machado/MG",-21.677800,-45.921900,84318.5
4389,"Poço Fundo/MG",-21.780000,-45.965800,84330.8
4390,"São João da Mata/MG",-21.928000,-45.929700,84347.6
4391,"Silvianópolis/MG",-22.027400,-45.838500,84362.1
4392,"Espírito Santo do Dourado/MG",-22.045400,-45.954800,84374.3
4393,"Congonhal/MG",-22.148800,-46.043000,84389.0
4394,"Pouso Alegre/MG",-22.226600,-45.938900,84402.7
4395,"Conceição dos Ouros/MG",-22.407800,-45.799600,84427.5
4396,"Cachoeira de Minas/MG",-22.351100,-45.780900,84434.0
4397,"Santa Rita do Sapucaí/MG",-22.246100,-45.703400,84448.2
4398,"São Sebastião da Bela Vista/MG",-22.158300,-45.754600,84459.3
4399,"Careaçu/MG",-22.042400,-45.696000,84473.5
4400,"Heliodora/MG",-22.064400,-45.545300,84489.2
4401,"Natércia/MG",-22.115800,-45.512300,84495.9
4402,"Conceição das Pedras/MG",-22.157600,-45.456200,84503.3
4403,"Pedralva/MG",-22.238600,-45.465400,84512.4
4404,"Maria da Fé/MG",-22.304400,-45.377300,84524.0
4405,"São José do Alegre/MG",-22.324300,-45.525800,84539.4
4406,"Piranguinho/MG",-22.395000,-45.532400,84547.3
4407,"Itajubá/MG",-22.422500,-45.459800,84555.4
4408,"Brazópolis/MG",-22.474300,-45.616600,84572.5
4409,"Piranguçu/MG",-22.524900,-45.494500,84586.3
4410,"Wenceslau Braz/MG",-22.536800,-45.362600,84599.9
4411,"Delfim Moreira/MG",-22.503600,-45.279200,84609.2
4412,"Piquete/SP",-22.606900,-45.186900,84624.1
4413,"Marmelópolis/MG",-22.447000,-45.164500,84642.0
4414,"Virgínia/MG",-22.326400,-45.096500,84657.1
4415,"Passa Quatro/MG",-22.387100,-44.970900,84671.7
4416,"Itanhandu/MG",-22.294200,-44.938200,84682.6
4417,"Itamonte/MG",-22.285900,-44.868000,84689.9
4418,"São Sebastião do Rio Verde/MG",-22.218300,-44.976100,84703.3
4419,"Pouso Alto/MG",-22.196400,-44.974800,84705.7
4420,"São Lourenço/MG",-22.116600,-45.050600,84717.5
4421,"Soledade de Minas/MG",-22.055400,-45.046400,84724.4
4422,"Carmo de Minas/MG",-22.120400,-45.130700,84735.7
4423,"Dom Viçoso/MG",-22.251100,-45.164300,84750.6
4424,"Cristina/MG",-22.208000,-45.267300,84762.2
4425,"Olímpio Noronha/MG",-22.068500,-45.265700,84777.7
4426,"Jesuânia/MG",-21.988700,-45.291100,84787.0
4427,"Lambari/MG",-21.967100,-45.349800,84793.5
4428,"Campanha/MG",-21.836000,-45.400400,84809.0
4429,"Cambuquira/MG",-21.854000,-45.289600,84820.6
4430,"Três Corações/MG",-21.692100,-45.251100,84839.0
4431,"Carmo da Cachoeira/MG",-21.463300,-45.220100,84864.7
4432,"Nepomuceno/MG",-21.232400,-45.235000,84890.4
4433,"Coqueiral/MG",-21.185800,-45.436600,84911.9
4434,"Santana da Vargem/MG",-21.244900,-45.500500,84921.3
4435,"Três Pontas/MG",-21.369400,-45.510900,84935.1
4436,"Campos Gerais/MG",-21.237000,-45.756900,84964.6
4437,"Campo do Meio/MG",-21.112700,-45.827300,84980.2
4438,"Boa Esperança/MG",-21.092700,-45.561200,85007.9
4439,"Cristais/MG",-20.873300,-45.516700,85032.7
4440,"Aguanil/MG",-20.943900,-45.391500,85047.9
4441,"Campo Belo/MG",-20.893200,-45.269900,85061.8
4442,"Candeias/MG",-20.769200,-45.276500,85075.6
4443,"Camacho/MG",-20.629400,-45.159300,85095.3
4444,"Itapecerica/MG",-20.470400,-45.127000,85113.3
4445,"São Francisco de Paula/MG",-20.703600,-44.983800,85143.2
4446,"Oliveira/MG",-20.698200,-44.829000,85159.3
4447,"Carmo da Mata/MG",-20.557500,-44.873500,85175.7
4448,"Cláudio/MG",-20.443700,-44.767300,85192.5
4449,"Carmópolis de Minas/MG",-20.539600,-44.633600,85210.0
4450,"Passa Tempo/MG",-20.653900,-44.492600,85229.4
4451,"Desterro de Entre Rios/MG",-20.665000,-44.333400,85246.0
4452,"Piracema/MG",-20.508900,-44.478300,85269.0
4453,"Itaguara/MG",-20.394700,-44.487500,85281.8
4454,"Itatiaiuçu/MG",-20.198300,-44.421100,85304.7
4455,"Rio Manso/MG",-20.266600,-44.306900,85318.8
4456,"Bonfim/MG",-20.330200,-44.236600,85329.0
4457,"Crucilândia/MG",-20.392300,-44.333400,85341.2
4458,"Piedade dos Gerais/MG",-20.471500,-44.224300,85355.6
4459,"Moeda/MG",-20.339900,-44.050900,85378.8
4460,"Belo Vale/MG",-20.407700,-44.027500,85386.8
4461,"Jeceaba/MG",-20.533900,-43.989400,85401.3
4462,"São Brás do Suaçuí/MG",-20.624200,-43.951500,85412.1
4463,"Entre Rios de Minas/MG",-20.670600,-44.065400,85425.1
4464,"Casa Grande/MG",-20.792500,-43.934300,85444.3
4465,"Queluzito/MG",-20.741600,-43.885100,85451.9
4466,"Cristiano Otoni/MG",-20.832400,-43.816600,85464.3
4467,"Carandaí/MG",-20.956600,-43.811000,85478.1
4468,"Caranaíba/MG",-20.870700,-43.741700,85490.1
4469,"Santana dos Montes/MG",-20.786800,-43.694900,85500.6
4470,"Capela Nova/MG",-20.917900,-43.622000,85517.0
4471,"Senhora dos Remédios/MG",-21.035100,-43.581200,85530.7
4472,"Desterro do Melo/MG",-21.143000,-43.517800,85544.4
4473,"Santa Bárbara do Tugúrio/MG",-21.243100,-43.560700,85556.4
4474,"Antônio Carlos/MG",-21.321000,-43.745100,85577.4
4475,"Barbacena/MG",-21.221400,-43.770300,85588.7
4476,"Alfredo Vasconcelos/MG",-21.153500,-43.771800,85596.3
4477,"Ressaquinha/MG",-21.064200,-43.759800,85606.3
4478,"Barroso/MG",-21.190700,-43.972000,85632.4
4479,"Dores de Campos/MG",-21.113900,-44.020700,85642.3
4480,"Prados/MG",-21.059700,-44.077800,85650.8
4481,"Lagoa Dourada/MG",-20.913900,-44.079700,85667.0
4482,"Resende Costa/MG",-20.917100,-44.240700,85683.7
4483,"Coronel Xavier Chaves/MG",-21.027700,-44.220600,85696.2
4484,"Tiradentes/MG",-21.110200,-44.174400,85706.5
4485,"Santa Cruz de Minas/MG",-21.124100,-44.220200,85711.5
4486,"São João del Rei/MG",-21.131100,-44.252600,85715.0
4487,"Ritápolis/MG",-21.027600,-44.320400,85728.5
4488,"São Tiago/MG",-20.907500,-44.509800,85752.3
4489,"Conceição da Barra de Minas/MG",-21.131600,-44.472900,85777.5
4490,"Nazareno/MG",-21.216800,-44.613800,85794.9
4491,"Itutinga/MG",-21.300000,-44.656700,85805.1
4492,"Ibituruna/MG",-21.154100,-44.747900,85823.9
4493,"Bom Sucesso/MG",-21.032900,-44.753700,85837.4
4494,"Santo Antônio do Amparo/MG",-20.943000,-44.917600,85857.1
4495,"Santana do Jacaré/MG",-20.900700,-45.128500,85879.5
4496,"Cana Verde/MG",-21.023200,-45.180100,85894.2
4497,"Perdões/MG",-21.093200,-45.089600,85906.4
4498,"Ribeirão Vermelho/MG",-21.187900,-45.063700,85917.2
4499,"Lavras/MG",-21.248000,-45.000900,85926.6
4500,"Ijaci/MG",-21.173800,-44.923300,85938.1
4501,"Itumirim/MG",-21.317100,-44.872400,85954.9
4502,"Ingaí/MG",-21.402400,-44.915200,85965.4
4503,"Luminárias/MG",-21.514500,-44.903400,85977.9
4504,"São Bento Abade/MG",-21.583900,-45.069900,85996.8
4505,"São Thomé das Letras/MG",-21.721800,-44.984900,86014.4
4506,"Conceição do Rio Verde/MG",-21.877800,-45.087000,86034.7
4507,"Caxambu/MG",-21.975300,-44.931900,86054.0
4508,"Baependi/MG",-21.957000,-44.887400,86059.1
4509,"Cruzília/MG",-21.840000,-44.806700,86074.5
4510,"Aiuruoca/MG",-21.973600,-44.604200,86100.1
4511,"Serranos/MG",-21.885700,-44.512500,86113.7
4512,"Seritinga/MG",-21.913400,-44.518000,86116.9
4513,"Carvalhos/MG",-22.000000,-44.463200,86128.0
4514,"Liberdade/MG",-22.027500,-44.320800,86143.0
4515,"Bom Jardim de Minas/MG",-21.947900,-44.188500,86159.3
4516,"Arantina/MG",-21.910200,-44.255500,86167.4
4517,"Andrelândia/MG",-21.741100,-44.311700,86187.1
4518,"São Vicente de Minas/MG",-21.704200,-44.443100,86201.2
4519,"Minduri/MG",-21.679700,-44.605100,86218.2
4520,"Carrancas/MG",-21.489800,-44.644600,86239.7
4521,"Madre de Deus de Minas/MG",-21.483000,-44.328700,86272.4
4522,"Piedade do Rio Grande/MG",-21.469000,-44.193800,86286.4
4523,"Santana do Garambéu/MG",-21.598300,-44.105000,86303.5
4524,"Ibertioga/MG",-21.433000,-43.963900,86327.0
4525,"Santa Rita de Ibitipoca/MG",-21.565800,-43.916300,86342.5
4526,"Bias Fortes/MG",-21.602000,-43.757400,86359.5
4527,"Pedro Teixeira/MG",-21.707600,-43.743000,86371.3
4528,"Ewbank da Câmara/MG",-21.549800,-43.506800,86401.4
4529,"Santos Dumont/MG",-21.463400,-43.549900,86412.0
4530,"Oliveira Fortes/MG",-21.340100,-43.449900,86429.1
4531,"Paiva/MG",-21.291300,-43.408800,86436.0
4532,"Aracitaba/MG",-21.344600,-43.373600,86443.0
4533,"Tabuleiro/MG",-21.363200,-43.238100,86457.2
4534,"Rio Pomba/MG",-21.271200,-43.169600,86469.6
4535,"Silveirânia/MG",-21.161500,-43.212800,86482.6
4536,"Mercês/MG",-21.197600,-43.333700,86495.8
4537,"Alto Rio Doce/MG",-21.028100,-43.406700,86516.1
4538,"Cipotânea/MG",-20.902600,-43.362900,86530.8
4539,"Rio Espera/MG",-20.855000,-43.472100,86543.3
4540,"Lamim/MG",-20.790000,-43.470600,86550.5
4541,"Catas Altas da Noruega/MG",-20.690100,-43.493900,86561.9
4542,"Itaverava/MG",-20.676900,-43.614100,86574.5
4543,"Conselheiro Lafaiete/MG",-20.663400,-43.784600,86592.3
4544,"Ouro Branco/MG",-20.526300,-43.696200,86610.1
4545,"Congonhas/MG",-20.495800,-43.851000,86626.6
4546,"Itabirito/MG",-20.250100,-43.803800,86654.3
4547,"Rio Acima/MG",-20.087600,-43.787800,86672.5
4548,"Raposos/MG",-19.963600,-43.807900,86686.4
4549,"Nova Lima/MG",-19.975800,-43.850900,86691.1
4550,"Belo Horizonte/MG",-19.910200,-43.926600,86701.9
4551,"Contagem/MG",-19.932100,-44.053900,86715.4
4552,"Ibirité/MG",-20.025200,-44.056900,86725.8
4553,"Sarzedo/MG",-20.036700,-44.144600,86735.0
4554,"Mário Campos/MG",-20.058200,-44.188300,86740.2
4555,"Brumadinho/MG",-20.151000,-44.200700,86750.6
4556,"Igarapé/MG",-20.070700,-44.299400,86764.2
4557,"São Joaquim de Bicas/MG",-20.048000,-44.274900,86767.8
4558,"Betim/MG",-19.966800,-44.200800,86779.7
4559,"Ribeirão das Neves/MG",-19.762100,-44.084400,86805.5
4560,"Esmeraldas/MG",-19.764000,-44.306500,86828.7
4561,"Florestal/MG",-19.888000,-44.431800,86847.8
4562,"Juatuba/MG",-19.944800,-44.345100,86858.8
4563,"Mateus Leme/MG",-19.979400,-44.431800,86868.7
4564,"Itaúna/MG",-20.081800,-44.580100,86887.9
4565,"Carmo do Cajuru/MG",-20.191200,-44.766400,86910.8
4566,"Divinópolis/MG",-20.144600,-44.891200,86924.8
4567,"São Sebastião do Oeste/MG",-20.275800,-45.006300,86943.7
4568,"Pedra do Indaiá/MG",-20.256300,-45.210700,86965.2
4569,"Santo Antônio do Monte/MG",-20.085000,-45.294700,86986.1
4570,"Araújos/MG",-19.940500,-45.167100,87007.0
4571,"Perdigão/MG",-19.941100,-45.078000,87016.3
4572,"Nova Serrana/MG",-19.871300,-44.984700,87028.8
4573,"São Gonçalo do Pará/MG",-19.982200,-44.859300,87046.8
4574,"Igaratinga/MG",-19.947600,-44.706300,87063.2
4575,"Pará de Minas/MG",-19.853400,-44.611400,87077.7
4576,"São José da Varginha/MG",-19.700600,-44.556000,87095.6
4577,"Fortuna de Minas/MG",-19.557800,-44.447200,87115.2
4578,"Cachoeira da Prata/MG",-19.521000,-44.454400,87119.3
4579,"Inhaúma/MG",-19.489800,-44.393400,87126.6
4580,"Caetanópolis/MG",-19.297100,-44.418900,87148.2
4581,"Paraopeba/MG",-19.273200,-44.404400,87151.3
4582,"Cordisburgo/MG",-19.122400,-44.322400,87170.1
4583,"Araçaí/MG",-19.195500,-44.249300,87181.3
4584,"Santana de Pirapama/MG",-18.996200,-44.040900,87212.4
4585,"Congonhas do Norte/MG",-18.802100,-43.676700,87256.4
4586,"Presidente Kubitschek/MG",-18.619300,-43.562800,87280.0
4587,"Datas/MG",-18.447800,-43.659100,87301.6
4588,"Gouveia/MG",-18.451900,-43.742300,87310.4
4589,"Diamantina/MG",-18.241300,-43.603100,87338.1
4590,"Couto de Magalhães de Minas/MG",-18.072700,-43.464800,87361.8
4591,"São Gonçalo do Rio Preto/MG",-18.002500,-43.385400,87373.3
4592,"Felício dos Santos/MG",-18.075500,-43.242200,87390.5
4593,"Senador Modestino Gonçalves/MG",-17.946500,-43.217200,87405.1
4594,"Olhos d'Água/MG",-17.398200,-43.571900,87476.7
4595,"Engenheiro Navarro/MG",-17.283100,-43.947000,87518.5
4596,"Bocaiúva/MG",-17.113500,-43.810400,87542.3
4597,"Guaraciama/MG",-17.014200,-43.667500,87561.1
4598,"Glaucilândia/MG",-16.848100,-43.692000,87579.7
4599,"Montes Claros/MG",-16.728200,-43.857800,87601.8
4600,"Capitão Enéas/MG",-16.326500,-43.708400,87649.3
4601,"Francisco Sá/MG",-16.482700,-43.489600,87678.4
4602,"Juramento/MG",-16.847300,-43.586500,87720.2
4603,"Itacambira/MG",-17.062500,-43.306900,87758.4
4604,"Botumirim/MG",-16.865700,-43.008600,87796.9
4605,"Grão Mogol/MG",-16.566200,-42.892300,87832.4
4606,"Cristália/MG",-16.716000,-42.857100,87849.5
4607,"José Gonçalves de Minas/MG",-16.905300,-42.601400,87883.9
4608,"Virgem da Lapa/MG",-16.807000,-42.343100,87913.5
4609,"Coronel Murta/MG",-16.614800,-42.184000,87940.8
4610,"Araçuaí/MG",-16.852300,-42.063700,87970.1
4611,"Jenipapo de Minas/MG",-17.083100,-42.258900,88003.1
4612,"Francisco Badaró/MG",-16.988300,-42.356800,88017.9
4613,"Berilo/MG",-16.956700,-42.460600,88029.5
4614,"Chapada do Norte/MG",-17.088100,-42.539200,88046.4
4615,"Leme do Prado/MG",-17.079300,-42.693600,88062.8
4616,"Minas Novas/MG",-17.215600,-42.588400,88081.6
4617,"Turmalina/MG",-17.282800,-42.728500,88098.3
4618,"Veredinha/MG",-17.397400,-42.730700,88111.0
4619,"Carbonita/MG",-17.525500,-43.013700,88144.3
4620,"Itamarandiba/MG",-17.855200,-42.856100,88184.5
4621,"Aricanduva/MG",-17.866600,-42.553300,88216.6
4622,"Capelinha/MG",-17.688800,-42.514700,88236.8
4623,"Angelândia/MG",-17.727900,-42.264100,88263.7
4624,"Setubinha/MG",-17.600200,-42.158700,88281.8
4625,"Malacacheta/MG",-17.845600,-42.076900,88310.4
4626,"Franciscópolis/MG",-17.957800,-42.009400,88324.8
4627,"Água Boa/MG",-17.991400,-42.380600,88364.2
4628,"Santa Maria do Suaçuí/MG",-18.189600,-42.413900,88386.5
4629,"José Raydan/MG",-18.219500,-42.494600,88395.7
4630,"São Sebastião do Maranhão/MG",-18.087300,-42.565900,88412.2
4631,"Frei Lagonegro/MG",-18.175100,-42.761700,88435.1
4632,"Coluna/MG",-18.231100,-42.835200,88445.0
4633,"São José do Jacuri/MG",-18.281000,-42.672900,88463.0
4634,"São Pedro do Suaçuí/MG",-18.360900,-42.598100,88474.9
4635,"Peçanha/MG",-18.544100,-42.558300,88495.7
4636,"Cantagalo/MG",-18.524800,-42.622300,88502.8
4637,"São João Evangelista/MG",-18.548000,-42.765500,88518.1
4638,"Paulistas/MG",-18.427600,-42.862800,88535.0
4639,"Rio Vermelho/MG",-18.292200,-43.001800,88556.0
4640,"Materlândia/MG",-18.469900,-43.057900,88576.6
4641,"Serra Azul de Minas/MG",-18.360200,-43.167500,88593.4
4642,"Santo Antônio do Itambé/MG",-18.460900,-43.300600,88611.4
4643,"Serro/MG",-18.599100,-43.374400,88628.6
4644,"Alvorada de Minas/MG",-18.733400,-43.363800,88643.6
4645,"Dom Joaquim/MG",-18.961000,-43.254400,88671.4
4646,"Conceição do Mato Dentro/MG",-19.034400,-43.422100,88690.8
4647,"Morro do Pilar/MG",-19.223600,-43.379500,88712.3
4648,"Santo Antônio do Rio Abaixo/MG",-19.237400,-43.260400,88724.9
4649,"Itambé do Mato Dentro/MG",-19.415800,-43.318200,88745.7
4650,"Itabira/MG",-19.623900,-43.231200,88770.6
4651,"Santa Maria de Itabira/MG",-19.443100,-43.106400,88794.5
4652,"Passabém/MG",-19.350900,-43.138300,88805.3
4653,"São Sebastião do Rio Preto/MG",-19.295900,-43.175700,88812.6
4654,"Ferros/MG",-19.234300,-43.019200,88830.4
4655,"Carmésia/MG",-19.087700,-43.138200,88850.9
4656,"Dores de Guanhães/MG",-19.051600,-42.925400,88873.6
4657,"Senhora do Porto/MG",-18.890900,-43.079900,88897.8
4658,"Sabinópolis/MG",-18.665300,-43.075200,88922.9
4659,"Guanhães/MG",-18.771300,-42.931200,88942.1
4660,"Virginópolis/MG",-18.815400,-42.701500,88966.8
4661,"Divinolândia de Minas/MG",-18.800400,-42.610300,88976.5
4662,"Gonzaga/MG",-18.819600,-42.476900,88990.7
4663,"Santa Efigênia de Minas/MG",-18.823500,-42.438800,88994.7
4664,"Sardoá/MG",-18.782800,-42.362900,89003.9
4665,"São Geraldo da Piedade/MG",-18.841100,-42.286700,89014.2
4666,"Coroaci/MG",-18.615600,-42.279100,89039.3
4667,"Virgolândia/MG",-18.473800,-42.306700,89055.4
4668,"Nacip Raydan/MG",-18.454400,-42.248100,89061.9
4669,"São José da Safira/MG",-18.324300,-42.143100,89080.1
4670,"Marilac/MG",-18.507900,-42.082200,89101.5
4671,"Mathias Lobato/MG",-18.590000,-41.916600,89121.2
4672,"Frei Inocêncio/MG",-18.555600,-41.912100,89125.1
4673,"Jampruca/MG",-18.461000,-41.809000,89140.2
4674,"Pescador/MG",-18.357000,-41.600600,89165.1
4675,"Campanário/MG",-18.242700,-41.735500,89184.1
4676,"Itambacuri/MG",-18.035000,-41.683000,89207.9
4677,"Frei Gaspar/MG",-18.070900,-41.432500,89234.7
4678,"Ouro Verde de Minas/MG",-18.071900,-41.273400,89251.5
4679,"Ataléia/MG",-18.043800,-41.114900,89268.5
4680,"Teófilo Otoni/MG",-17.859500,-41.508700,89315.0
4681,"Poté/MG",-17.807700,-41.786000,89344.9
4682,"Ladainha/MG",-17.627900,-41.748800,89365.3
4683,"Novo Cruzeiro/MG",-17.465400,-41.882600,89388.2
4684,"Itaipé/MG",-17.401400,-41.669700,89411.9
4685,"Catuji/MG",-17.301800,-41.527600,89430.6
4686,"Caraí/MG",-17.186200,-41.700400,89453.0
4687,"Padre Paraíso/MG",-17.075800,-41.482100,89479.3
4688,"Monte Formoso/MG",-16.869100,-41.247300,89513.2
4689,"Joaíma/MG",-16.652200,-41.022900,89547.2
4690,"Jequitinhonha/MG",-16.437500,-41.011700,89571.1
4691,"Felisburgo/MG",-16.634800,-40.760500,89605.7
4692,"Rio do Prado/MG",-16.605600,-40.571400,89626.1
4693,"Palmópolis/MG",-16.736400,-40.429600,89647.1
4694,"Jucuruçu/BA",-16.848800,-40.164100,89678.0
4695,"Santo Antônio do Jacinto/MG",-16.533200,-40.181700,89713.1
4696,"Guaratinga/BA",-16.583300,-39.784700,89755.8
4697,"Itabela/BA",-16.573200,-39.559300,89779.8
4698,"Eunápolis/BA",-16.371500,-39.582100,89802.4
4699,"Itagimirim/BA",-16.081900,-39.613300,89834.8
4700,"Itapebi/BA",-15.955100,-39.532900,89851.3
4701,"Salto da Divisa/MG",-16.006300,-39.939100,89895.1
4702,"Jordânia/MG",-15.900900,-40.184100,89923.8
4703,"Jacinto/MG",-16.142800,-40.295000,89953.2
4704,"Santa Maria do Salto/MG",-16.247900,-40.151200,89972.5
4705,"Rubim/MG",-16.377500,-40.539700,90016.3
4706,"Almenara/MG",-16.178500,-40.694200,90043.9
4707,"Bandeira/MG",-15.878300,-40.562200,90080.2
4708,"Mata Verde/MG",-15.686900,-40.736600,90108.5
4709,"Macarani/BA",-15.564600,-40.420900,90144.9
4710,"Maiquinique/BA",-15.624000,-40.258700,90163.5
4711,"Itarantim/BA",-15.652800,-40.065000,90184.5
4712,"Potiraguá/BA",-15.594300,-39.863800,90207.0
4713,"Pau Brasil/BA",-15.457200,-39.645800,90234.9
4714,"Camacan/BA",-15.414200,-39.491900,90252.1
4715,"Arataca/BA",-15.265100,-39.419000,90270.4
4716,"Jussari/BA",-15.192000,-39.491000,90281.6
4717,"São José da Vitória/BA",-15.078700,-39.343700,90301.8
4718,"Buerarema/BA",-14.959500,-39.302800,90315.8
4719,"Itapé/BA",-14.887600,-39.423900,90331.1
4720,"Barro Preto/BA",-14.794800,-39.476000,90342.8
4721,"Ibicaraí/BA",-14.857900,-39.591400,90357.1
4722,"Floresta Azul/BA",-14.862900,-39.657900,90364.2
4723,"Almadina/BA",-14.708900,-39.641500,90381.4
4724,"Coaraci/BA",-14.637000,-39.555600,90393.7
4725,"Itapitanga/BA",-14.413900,-39.565700,90418.5
4726,"Gongogi/BA",-14.319500,-39.469000,90433.3
4727,"Aurelino Leal/BA",-14.321000,-39.329000,90448.4
4728,"Ubaitaba/BA",-14.303000,-39.322200,90450.5
4729,"Ibirapitanga/BA",-14.164900,-39.378700,90467.0
4730,"Ubatã/BA",-14.206300,-39.520700,90483.0
4731,"Barra do Rocha/BA",-14.200000,-39.599100,90491.5
4732,"Ipiaú/BA",-14.122600,-39.735300,90508.5
4733,"Ibirataia/BA",-14.064300,-39.645900,90520.1
4734,"Apuarema/BA",-13.854200,-39.750100,90546.0
4735,"Itamari/BA",-13.778200,-39.683000,90557.2
4736,"Nova Ibiá/BA",-13.812000,-39.618200,90565.1
4737,"Gandu/BA",-13.744100,-39.474700,90582.4
4738,"Piraí do Norte/BA",-13.759000,-39.383600,90592.3
4739,"Wenceslau Guimarães/BA",-13.690800,-39.476200,90604.9
4740,"Teolândia/BA",-13.589600,-39.484000,90616.2
4741,"Presidente Tancredo Neves/BA",-13.447100,-39.420300,90633.5
4742,"Laje/BA",-13.167300,-39.421300,90664.6
4743,"Mutuípe/BA",-13.228400,-39.504400,90675.8
4744,"Jiquiriçá/BA",-13.262100,-39.573700,90684.2
4745,"Ubaíra/BA",-13.271400,-39.666000,90694.3
4746,"Santa Inês/BA",-13.279300,-39.814000,90710.3
4747,"Cravolândia/BA",-13.353100,-39.803100,90718.6
4748,"Itaquara/BA",-13.445900,-39.937800,90736.5
4749,"Jaguaquara/BA",-13.524800,-39.964000,90745.7
4750,"Irajuba/BA",-13.256300,-40.084800,90778.3
4751,"Nova Itarana/BA",-13.024100,-40.065300,90804.2
4752,"Iaçu/BA",-12.766600,-40.205600,90836.6
4753,"Itaberaba/BA",-12.524200,-40.305900,90865.7
4754,"Boa Vista do Tupim/BA",-12.649800,-40.606400,90901.1
4755,"Marcionílio Souza/BA",-13.006400,-40.529500,90941.7
4756,"Planaltino/BA",-13.261800,-40.369500,90974.9
4757,"Maracás/BA",-13.435500,-40.432300,90995.4
4758,"Lajedo do Tabocal/BA",-13.466300,-40.220400,91018.6
4759,"Itiruçu/BA",-13.529000,-40.147200,91029.1
4760,"Lafaiete Coutinho/BA",-13.654100,-40.211900,91044.7
4761,"Jequié/BA",-13.850900,-40.087700,91070.3
4762,"Jitaúna/BA",-14.013100,-39.896900,91097.7
4763,"Aiquara/BA",-14.126900,-39.893700,91110.4
4764,"Itagibá/BA",-14.278200,-39.844900,91128.0
4765,"Dário Meira/BA",-14.422900,-39.903100,91145.3
4766,"Itagi/BA",-14.161500,-40.013100,91176.7
4767,"Manoel Vitorino/BA",-14.147600,-40.239900,91201.2
4768,"Boa Nova/BA",-14.359800,-40.206400,91225.0
4769,"Poções/BA",-14.523400,-40.363400,91249.9
4770,"Planalto/BA",-14.665400,-40.471800,91269.5
4771,"Bom Jesus da Serra/BA",-14.366300,-40.512600,91303.1
4772,"Mirante/BA",-14.238500,-40.771800,91334.4
4773,"Caetanos/BA",-14.334700,-40.917500,91353.4
4774,"Anagé/BA",-14.615100,-41.135600,91392.4
4775,"Caraíbas/BA",-14.717700,-41.260300,91410.0
4776,"Tremedal/BA",-14.973600,-41.414200,91442.9
4777,"Belo Campo/BA",-15.033400,-41.265200,91460.3
4778,"Vitória da Conquista/BA",-14.861500,-40.844200,91509.4
4779,"Barra do Choça/BA",-14.865400,-40.579100,91537.9
4780,"Caatiba/BA",-14.969900,-40.409200,91559.5
4781,"Nova Canaã/BA",-14.791200,-40.145800,91594.1
4782,"Iguaí/BA",-14.752800,-40.089400,91601.5
4783,"Ibicuí/BA",-14.845000,-39.987900,91616.5
4784,"Firmino Alves/BA",-14.982300,-39.926900,91633.1
4785,"Santa Cruz da Vitória/BA",-14.964000,-39.811500,91645.7
4786,"Itaju do Colônia/BA",-15.136600,-39.728300,91666.8
4787,"Itororó/BA",-15.110000,-40.068400,91703.5
4788,"Itapetinga/BA",-15.247500,-40.248200,91728.1
4789,"Itambé/BA",-15.242900,-40.630000,91769.0
4790,"Ribeirão do Largo/BA",-15.450800,-40.744100,91795.2
4791,"Encruzilhada/BA",-15.530200,-40.912400,91815.3
4792,"Divisópolis/MG",-15.725400,-40.999700,91838.9
4793,"Cândido Sales/BA",-15.499300,-41.241400,91875.0
4794,"Divisa Alegre/MG",-15.722100,-41.346300,91902.2
4795,"Águas Vermelhas/MG",-15.743100,-41.457100,91914.3
4796,"Cachoeira de Pajeú/MG",-15.968800,-41.494800,91939.7
4797,"Pedra Azul/MG",-16.008600,-41.290900,91961.9
4798,"Medina/MG",-16.224500,-41.472800,91992.8
4799,"Itaobim/MG",-16.557100,-41.501700,92029.9
4800,"Ponto dos Volantes/MG",-16.747300,-41.502500,92051.1
4801,"Itinga/MG",-16.610000,-41.767200,92083.1
4802,"Comercinho/MG",-16.296300,-41.794500,92118.1
4803,"Santa Cruz de Salinas/MG",-16.096700,-41.741800,92141.0
4804,"Curral de Dentro/MG",-15.932700,-41.855700,92163.0
4805,"Berizal/MG",-15.610000,-41.743200,92200.8
4806,"Ninheira/MG",-15.314800,-41.756400,92233.7
4807,"São João do Paraíso/MG",-15.316800,-42.021300,92262.1
4808,"Vargem Grande do Rio Pardo/MG",-15.398700,-42.308500,92294.2
4809,"Indaiabira/MG",-15.491100,-42.200500,92309.7
4810,"Taiobeiras/MG",-15.810600,-42.225900,92345.3
4811,"Salinas/MG",-16.175300,-42.296400,92386.6
4812,"Rubelita/MG",-16.405300,-42.261000,92412.4
4813,"Josenópolis/MG",-16.541700,-42.515100,92443.5
4814,"Padre Carvalho/MG",-16.364600,-42.508800,92463.2
4815,"Fruta de Leite/MG",-16.122500,-42.528800,92490.2
4816,"Novorizonte/MG",-16.016200,-42.404400,92508.0
4817,"Rio Pardo de Minas/MG",-15.616000,-42.540500,92554.8
4818,"Santo Antônio do Retiro/MG",-15.339300,-42.617100,92586.6
4819,"Montezuma/MG",-15.170200,-42.494100,92609.6
4820,"Mortugaba/BA",-15.022500,-42.372700,92630.6
4821,"Jacaraci/BA",-14.854100,-42.432900,92650.4
4822,"Licínio de Almeida/BA",-14.684200,-42.509500,92671.0
4823,"Urandi/BA",-14.767800,-42.649800,92688.7
4824,"Pindaí/BA",-14.492100,-42.686000,92719.6
4825,"Candiba/BA",-14.409700,-42.866700,92741.1
4826,"Sebastião Laranjeiras/BA",-14.571000,-42.943400,92760.9
4827,"Palmas de Monte Alto/BA",-14.267600,-43.160900,92801.9
4828,"Iuiú/BA",-14.405400,-43.559500,92847.5
4829,"Malhada/BA",-14.337100,-43.768600,92871.3
4830,"Carinhanha/BA",-14.298500,-43.772400,92875.6
4831,"Juvenília/MG",-14.266200,-44.159700,92917.5
4832,"Feira da Mata/BA",-14.204400,-44.274400,92931.6
4833,"Montalvânia/MG",-14.419700,-44.371900,92957.8
4834,"Cocos/BA",-14.181400,-44.535200,92989.6
4835,"Coribe/BA",-13.823200,-44.458600,93030.3
4836,"Jaborandi/BA",-13.607100,-44.425500,93054.6
4837,"Correntina/BA",-13.347700,-44.633300,93091.1
4838,"Santa Maria da Vitória/BA",-13.385900,-44.201100,93138.1
4839,"São Félix do Coribe/BA",-13.401900,-44.183700,93140.7
4840,"Canápolis/BA",-13.072500,-44.201000,93177.3
4841,"Santana/BA",-12.979200,-44.050600,93196.6
4842,"Serra Dourada/BA",-12.759000,-43.950400,93223.4
4843,"Tabocas do Brejo Velho/BA",-12.702600,-44.007500,93232.2
4844,"Brejolândia/BA",-12.481500,-43.967900,93257.2
4845,"Wanderley/BA",-12.114400,-43.895800,93298.8
4846,"Muquém de São Francisco/BA",-12.065000,-43.549700,93336.8
4847,"Ibotirama/BA",-12.177900,-43.216700,93375.1
4848,"Oliveira dos Brejinhos/BA",-12.313200,-42.896900,93413.0
4849,"Ibitiara/BA",-12.650200,-42.217900,93495.7
4850,"Novo Horizonte/BA",-12.808300,-42.168200,93514.1
4851,"Boninal/BA",-12.706900,-41.828600,93552.6
4852,"Seabra/BA",-12.416900,-41.772200,93585.4
4853,"Palmeiras/BA",-12.505900,-41.580900,93608.4
4854,"Lençóis/BA",-12.561600,-41.392800,93629.8
4855,"Andaraí/BA",-12.804900,-41.329700,93657.7
4856,"Mucugê/BA",-13.005300,-41.370300,93680.4
4857,"Piatã/BA",-13.146500,-41.770200,93726.4
4858,"Abaíra/BA",-13.248800,-41.661900,93742.8
4859,"Jussiape/BA",-13.515500,-41.588200,93773.5
4860,"Dom Basílio/BA",-13.756500,-41.767700,93806.6
4861,"Livramento de Nossa Senhora/BA",-13.636900,-41.843200,93822.2
4862,"Rio de Contas/BA",-13.585200,-41.804800,93829.3
4863,"Érico Cardoso/BA",-13.421500,-42.135200,93869.4
4864,"Paramirim/BA",-13.438800,-42.239500,93880.8
4865,"Tanque Novo/BA",-13.548500,-42.493400,93910.8
4866,"Botuporã/BA",-13.377200,-42.516300,93930.0
4867,"Caturama/BA",-13.323900,-42.290400,93955.2
4868,"Rio do Pires/BA",-13.118500,-42.290200,93978.0
4869,"Ibipitanga/BA",-12.880400,-42.485600,94011.9
4870,"Macaúbas/BA",-13.018600,-42.694500,94039.3
4871,"Boquira/BA",-12.820500,-42.732400,94061.7
4872,"Paratinga/BA",-12.687000,-43.179800,94112.4
4873,"Sítio do Mato/BA",-13.080100,-43.468900,94166.2
4874,"Bom Jesus da Lapa/BA",-13.250600,-43.410800,94186.2
4875,"Serra do Ramalho/BA",-13.565900,-43.592900,94226.4
4876,"Riacho de Santana/BA",-13.605900,-42.939700,94297.2
4877,"Igaporã/BA",-13.774000,-42.715500,94327.8
4878,"Matina/BA",-13.910900,-42.843900,94348.3
4879,"Guanambi/BA",-14.223100,-42.779900,94383.7
4880,"Caetité/BA",-14.068400,-42.486100,94419.8
4881,"Lagoa Real/BA",-14.033400,-42.132800,94458.1
4882,"Ibiassucê/BA",-14.271100,-42.257000,94487.7
4883,"Caculé/BA",-14.500300,-42.222900,94513.5
4884,"Rio do Antônio/BA",-14.407100,-42.072100,94532.7
4885,"Malhada de Pedras/BA",-14.384700,-41.884200,94553.1
4886,"Guajeru/BA",-14.546700,-41.938100,94572.0
4887,"Condeúba/BA",-14.902200,-41.971800,94611.7
4888,"Cordeiros/BA",-15.035600,-41.930800,94627.2
4889,"Piripá/BA",-14.944400,-41.716800,94652.3
4890,"Presidente Jânio Quadros/BA",-14.688500,-41.679800,94681.1
4891,"Maetinga/BA",-14.662300,-41.491500,94701.5
4892,"Aracatu/BA",-14.428000,-41.464800,94727.7
4893,"Brumado/BA",-14.202100,-41.669600,94761.2
4894,"Tanhaçu/BA",-14.019700,-41.247300,94811.0
4895,"Contendas do Sincorá/BA",-13.753700,-41.048000,94847.6
4896,"Ituaçu/BA",-13.810700,-41.300300,94875.6
4897,"Barra da Estiva/BA",-13.623700,-41.334700,94896.7
4898,"Ibicoara/BA",-13.405900,-41.284000,94921.5
4899,"Iramaia/BA",-13.290200,-40.959500,94958.9
4900,"Itaeté/BA",-12.983100,-40.967700,94993.1
4901,"Nova Redenção/BA",-12.815000,-41.074800,95015.1
4902,"Ibiquera/BA",-12.644400,-40.933800,95039.5
4903,"Lajedinho/BA",-12.352900,-40.904800,95072.0
4904,"Wagner/BA",-12.281900,-41.171500,95102.1
4905,"Utinga/BA",-12.078300,-41.095400,95126.2
4906,"Bonito/BA",-11.966800,-41.264700,95148.4
4907,"Iraquara/BA",-12.242900,-41.615500,95197.3
4908,"Souto Soares/BA",-12.088000,-41.642700,95214.8
4909,"Mulungu do Morro/BA",-11.964800,-41.637400,95228.5
4910,"Canarana/BA",-11.685800,-41.767700,95262.6
4911,"Barro Alto/BA",-11.760500,-41.905400,95279.7
4912,"Barra do Mendes/BA",-11.810000,-42.059000,95297.4
4913,"Ibipeba/BA",-11.643800,-42.019500,95316.3
4914,"Ibititá/BA",-11.541400,-41.974800,95328.7
4915,"Uibaí/BA",-11.339400,-42.135400,95357.2
4916,"Presidente Dutra/BA",-11.292300,-41.984300,95374.5
4917,"São Gabriel/BA",-11.217500,-41.884300,95388.2
4918,"Irecê/BA",-11.303300,-41.853500,95398.3
4919,"Lapão/BA",-11.385100,-41.828600,95407.8
4920,"João Dourado/BA",-11.348600,-41.654800,95427.2
4921,"América Dourada/BA",-11.442900,-41.439000,95452.9
4922,"Cafarnaum/BA",-11.691400,-41.468800,95480.7
4923,"Morro do Chapéu/BA",-11.548800,-41.156500,95518.3
4924,"Várzea Nova/BA",-11.255700,-40.943200,95558.3
4925,"Ourolândia/BA",-10.957800,-41.075600,95594.4
4926,"Umburanas/BA",-10.733900,-41.323400,95631.2
4927,"Jussara/BA",-11.043100,-41.970200,95709.8
4928,"Central/BA",-11.137600,-42.111600,95728.4
4929,"Itaguaçu da Bahia/BA",-11.014700,-42.399700,95762.7
4930,"Xique-Xique/BA",-10.823000,-42.724500,95804.1
4931,"Gentio do Ouro/BA",-11.434200,-42.507700,95876.1
4932,"Ipupiara/BA",-11.821900,-42.617900,95920.8
4933,"Brotas de Macaúbas/BA",-11.991500,-42.632600,95939.7
4934,"Morpará/BA",-11.556900,-43.276600,96024.9
4935,"Barra/BA",-11.085900,-43.145900,96079.2
4936,"Buritirama/BA",-10.717100,-43.630200,96146.1
4937,"Mansidão/BA",-10.722700,-44.042800,96191.2
4938,"Santa Rita de Cássia/BA",-11.006300,-44.525500,96252.6
4939,"Sebastião Barros/PI",-10.817000,-44.833700,96292.3
4940,"Corrente/PI",-10.433300,-45.163300,96348.1
4941,"Cristalândia do Piauí/PI",-10.644300,-45.189300,96371.7
4942,"Formosa do Rio Preto/BA",-11.032800,-45.193000,96414.9
4943,"Riachão das Neves/BA",-11.750800,-44.914300,96500.4
4944,"Angical/BA",-12.006300,-44.700300,96537.1
4945,"Cotegipe/BA",-12.022800,-44.256600,96585.4
4946,"Cristópolis/BA",-12.224900,-44.421400,96614.1
4947,"Baianópolis/BA",-12.301600,-44.538800,96629.5
4948,"Catolândia/BA",-12.310000,-44.864800,96664.9
4949,"São Desidério/BA",-12.357200,-44.976900,96678.2
4950,"Barreiras/BA",-12.143900,-44.996800,96702.0
4951,"Luís Eduardo Magalhães/BA",-12.095600,-45.786600,96788.0
4952,"Ponte Alta do Bom Jesus/TO",-12.085300,-46.482500,96863.7
4953,"Novo Jardim/TO",-11.826000,-46.632500,96896.8
4954,"Dianópolis/TO",-11.624000,-46.819800,96927.2
4955,"Rio da Conceição/TO",-11.394900,-46.884700,96953.6
4956,"Porto Alegre do Tocantins/TO",-11.618000,-47.062100,96985.0
4957,"Almas/TO",-11.570600,-47.179200,96998.8
4958,"Pindorama do Tocantins/TO",-11.131100,-47.572600,97063.9
4959,"Ponte Alta do Tocantins/TO",-10.748100,-47.527600,97106.7
4960,"Lagoa do Tocantins/TO",-10.368000,-47.538000,97149.0
4961,"Santa Tereza do Tocantins/TO",-10.274600,-47.803300,97179.8
4962,"Novo Acordo/TO",-9.970630,-47.678500,97216.3
4963,"Aparecida do Rio Negro/TO",-9.941390,-47.963800,97247.7
4964,"Palmas/TO",-10.240000,-48.355800,97302.0
4965,"Monte do Carmo/TO",-10.761100,-48.111400,97365.8
4966,"Porto Nacional/TO",-10.702700,-48.408000,97398.8
4967,"Brejinho de Nazaré/TO",-11.005800,-48.568300,97436.8
4968,"Ipueiras/TO",-11.232900,-48.460000,97464.7
4969,"Silvanópolis/TO",-11.147100,-48.169400,97497.8
4970,"Santa Rosa do Tocantins/TO",-11.447400,-48.121600,97531.6
4971,"Chapada da Natividade/TO",-11.617500,-47.748600,97576.4
4972,"Natividade/TO",-11.703400,-47.722300,97586.4
4973,"São Valério/TO",-11.974300,-48.235300,97649.8
4974,"Peixe/TO",-12.025400,-48.539500,97683.4
4975,"Sucupira/TO",-11.993000,-48.968500,97730.2
4976,"Gurupi/TO",-11.727900,-49.068000,97761.6
4977,"Cariri do Tocantins/TO",-11.888100,-49.160900,97782.1
4978,"Formoso do Araguaia/TO",-11.797600,-49.531600,97823.7
4979,"Figueirópolis/TO",-12.131200,-49.174800,97877.3
4980,"Alvorada/TO",-12.478500,-49.124900,97916.3
4981,"Talismã/TO",-12.794900,-49.089600,97951.7
4982,"Jaú do Tocantins/TO",-12.650900,-48.589000,98008.3
4983,"Palmeirópolis/TO",-13.044700,-48.402600,98056.6
4984,"São Salvador do Tocantins/TO",-12.745800,-48.235200,98094.4
4985,"Paranã/TO",-12.616700,-47.873400,98136.2
4986,"Conceição do Tocantins/TO",-12.220900,-47.295100,98212.9
4987,"Taipas do Tocantins/TO",-12.187300,-46.979700,98247.4
4988,"Taguatinga/TO",-12.402600,-46.437000,98311.0
4989,"Aurora do Tocantins/TO",-12.710500,-46.407600,98345.4
4990,"Lavandeira/TO",-12.784700,-46.509900,98359.2
4991,"Combinado/TO",-12.791700,-46.538800,98362.5
4992,"Novo Alegre/TO",-12.921700,-46.571300,98377.3
4993,"Campos Belos/GO",-13.035000,-46.768100,98402.1
4994,"Arraias/TO",-12.928700,-46.935900,98423.8
4995,"Monte Alegre de Goiás/GO",-13.255200,-46.892800,98460.4
4996,"Divinópolis de Goiás/GO",-13.285300,-46.399900,98513.8
4997,"São Domingos/GO",-13.621000,-46.741500,98566.4
4998,"Nova Roma/GO",-13.738800,-46.873400,98585.7
4999,"Teresina de Goiás/GO",-13.780100,-47.265900,98628.4
5000,"Cavalcante/GO",-13.797600,-47.456600,98649.0
5001,"Alto Paraíso de Goiás/GO",-14.130500,-47.510000,98686.5
5002,"São João d'Aliança/GO",-14.704800,-47.522800,98750.4
5003,"Água Fria de Goiás/GO",-14.977800,-47.782300,98791.6
5004,"Mimoso de Goiás/GO",-15.051500,-48.161100,98833.1
5005,"Padre Bernardo/GO",-15.160500,-48.283300,98851.0
5006,"Niquelândia/GO",-14.466200,-48.459900,98930.5
5007,"Colinas do Sul/GO",-14.152800,-48.076000,98984.6
5008,"Campinaçu/GO",-13.787000,-48.570400,99051.6
5009,"Minaçu/GO",-13.530400,-48.220600,99099.0
5010,"Montividiu do Norte/GO",-13.348500,-48.685300,99153.2
5011,"Trombas/GO",-13.507900,-48.741700,99171.9
5012,"Formoso/GO",-13.649900,-48.877500,99193.5
5013,"Santa Tereza de Goiás/GO",-13.713800,-49.014400,99209.9
5014,"Estrela do Norte/GO",-13.866500,-49.071600,99228.0
5015,"Mara Rosa/GO",-14.014800,-49.177700,99248.0
5016,"Amaralina/GO",-13.923600,-49.296200,99264.4
5017,"Mutunópolis/GO",-13.730300,-49.274500,99286.0
5018,"Porangatu/GO",-13.439100,-49.150300,99321.0
5019,"Novo Planalto/GO",-13.242400,-49.506000,99365.3
5020,"Araguaçu/TO",-12.928900,-49.823100,99414.2
5021,"Sandolândia/TO",-12.538000,-49.924200,99459.1
5022,"São Miguel do Araguaia/GO",-13.273100,-50.163400,99544.8
5023,"Bonópolis/GO",-13.632900,-49.810600,99600.1
5024,"Mundo Novo/GO",-13.772900,-50.281400,99653.3
5025,"Nova Crixás/GO",-14.095700,-50.330000,99689.6
5026,"Cocalinho/MT",-14.390300,-51.000100,99768.9
5027,"Mozarlândia/GO",-14.745700,-50.571300,99829.6
5028,"Araguapaz/GO",-15.090900,-50.631500,99868.5
5029,"Aruanã/GO",-14.916600,-51.075000,99920.0
5030,"Britânia/GO",-15.242800,-51.160200,99957.4
5031,"Matrinchã/GO",-15.434200,-50.745600,100006.7
5032,"Santa Fé de Goiás/GO",-15.766400,-51.103700,100059.9
5033,"Jussara/GO",-15.865900,-50.866800,100087.6
5034,"Itapirapuã/GO",-15.820500,-50.609400,100115.6
5035,"Novo Brasil/GO",-16.031300,-50.711300,100141.4
5036,"Fazenda Nova/GO",-16.183400,-50.778100,100159.8
5037,"Jaupaci/GO",-16.177300,-50.950800,100178.2
5038,"Israelândia/GO",-16.314400,-50.908700,100194.1
5039,"Córrego do Ouro/GO",-16.291800,-50.550300,100232.4
5040,"Buriti de Goiás/GO",-16.179200,-50.430200,100250.4
5041,"Sanclerlândia/GO",-16.197000,-50.312400,100263.1
5042,"Mossâmedes/GO",-16.124000,-50.213600,100276.4
5043,"Goiás/GO",-15.933300,-50.140000,100299.0
5044,"Itaberaí/GO",-16.020600,-49.806000,100336.0
5045,"Americano do Brasil/GO",-16.251400,-49.983100,100367.9
5046,"Adelândia/GO",-16.412700,-50.165700,100394.4
5047,"Firminópolis/GO",-16.577800,-50.304000,100417.9
5048,"São Luís de Montes Belos/GO",-16.521100,-50.372600,100427.6
5049,"Aurilândia/GO",-16.677300,-50.464100,100447.5
5050,"Cachoeira de Goiás/GO",-16.663500,-50.646000,100467.0
5051,"Moiporá/GO",-16.543400,-50.739000,100483.6
5052,"Ivolândia/GO",-16.599500,-50.792100,100492.0
5053,"Amorinópolis/GO",-16.615100,-51.091900,100524.0
5054,"Iporá/GO",-16.439800,-51.118000,100543.7
5055,"Diorama/GO",-16.232900,-51.254300,100570.9
5056,"Montes Claros de Goiás/GO",-16.005900,-51.397900,100600.4
5057,"Araguaiana/MT",-15.729100,-51.834100,100656.3
5058,"Aragarças/GO",-15.895500,-52.237200,100703.3
5059,"Barra do Garças/MT",-15.880400,-52.264000,100706.6
5060,"Pontal do Araguaia/MT",-15.927400,-52.327300,100715.1
5061,"General Carneiro/MT",-15.709400,-52.757400,100767.1
5062,"Novo São Joaquim/MT",-14.905400,-53.019400,100860.9
5063,"Campinápolis/MT",-14.516200,-52.893000,100906.2
5064,"Nova Xavantina/MT",-14.677100,-52.350200,100967.3
5065,"Água Boa/MT",-14.051000,-52.160100,101039.9
5066,"Nova Nazaré/MT",-13.948600,-51.800200,101080.3
5067,"Canarana/MT",-13.551500,-52.270500,101147.6
5068,"Ribeirão Cascalheira/MT",-12.936700,-51.824400,101231.3
5069,"Querência/MT",-12.609300,-52.182100,101284.5
5070,"Gaúcha do Norte/MT",-13.244300,-53.080900,101404.8
5071,"Feliz Natal/MT",-12.385000,-54.922700,101626.2
5072,"Vera/MT",-12.301700,-55.304500,101668.7
5073,"Sinop/MT",-11.860400,-55.509100,101722.6
5074,"Santa Carmem/MT",-11.912500,-55.226300,101753.9
5075,"Cláudia/MT",-11.507500,-54.883500,101812.4
5076,"União do Sul/MT",-11.530800,-54.361600,101869.3
5077,"Marcelândia/MT",-11.046300,-54.437700,101923.8
5078,"São José do Xingu/MT",-10.798200,-52.748600,102110.3
5079,"Santa Cruz do Xingu/MT",-10.153200,-52.395300,102191.8
5080,"Confresa/MT",-10.643700,-51.569900,102297.2
5081,"Porto Alegre do Norte/MT",-10.876100,-51.635700,102324.1
5082,"Canabrava do Norte/MT",-11.055600,-51.820900,102352.5
5083,"Alto Boa Vista/MT",-11.673200,-51.388300,102435.8
5084,"Serra Nova Dourada/MT",-12.089600,-51.402500,102482.1
5085,"Bom Jesus do Araguaia/MT",-12.170600,-51.503200,102496.3
5086,"Novo Santo Antônio/MT",-12.287500,-50.968600,102555.8
5087,"São Félix do Araguaia/MT",-11.615000,-50.670600,102637.3
5088,"Luciara/MT",-11.221900,-50.667600,102681.0
5089,"Santa Terezinha/MT",-10.470400,-50.514000,102766.3
5090,"Vila Rica/MT",-10.013700,-51.118600,102849.7
5091,"Santana do Araguaia/PA",-9.328100,-50.350000,102963.3
5092,"Caseara/TO",-9.276120,-49.952100,103007.3
5093,"Santa Maria das Barreiras/PA",-8.857840,-49.721500,103060.3
5094,"Araguacema/TO",-8.807550,-49.556900,103079.2
5095,"Dois Irmãos do Tocantins/TO",-9.255340,-49.063800,103152.8
5096,"Abreulândia/TO",-9.621010,-49.151800,103194.6
5097,"Divinópolis do Tocantins/TO",-9.800180,-49.216900,103215.7
5098,"Marianópolis do Tocantins/TO",-9.793770,-49.655300,103263.8
5099,"Chapada de Areia/TO",-10.141900,-49.140300,103332.2
5100,"Pium/TO",-10.442000,-49.187600,103365.9
5101,"Cristalândia/TO",-10.598500,-49.194200,103383.4
5102,"Lagoa da Confusão/TO",-10.790600,-49.619900,103434.5
5103,"Dueré/TO",-11.341600,-49.271600,103506.6
5104,"Aliança do Tocantins/TO",-11.305600,-48.936100,103543.4
5105,"Crixás do Tocantins/TO",-11.099400,-48.915200,103566.5
5106,"Santa Rita do Tocantins/TO",-10.861700,-48.916100,103592.9
5107,"Fátima/TO",-10.760300,-48.907600,103604.2
5108,"Oliveira de Fátima/TO",-10.707000,-48.908600,103610.2
5109,"Nova Rosalândia/TO",-10.565100,-48.912500,103625.9
5110,"Pugmil/TO",-10.424000,-48.895700,103641.7
5111,"Paraíso do Tocantins/TO",-10.175000,-48.882300,103669.5
5112,"Monte Santo do Tocantins/TO",-10.007500,-48.994100,103691.7
5113,"Barrolândia/TO",-9.834040,-48.725200,103727.0
5114,"Lajeado/TO",-9.749960,-48.356500,103768.4
5115,"Tocantínia/TO",-9.563200,-48.374100,103789.3
5116,"Miracema do Tocantins/TO",-9.565560,-48.393000,103791.4
5117,"Miranorte/TO",-9.529070,-48.592200,103813.6
5118,"Rio dos Bois/TO",-9.344250,-48.524500,103835.4
5119,"Fortaleza do Tabocão/TO",-9.056110,-48.520600,103867.5
5120,"Guaraí/TO",-8.835430,-48.511400,103892.0
5121,"Tupirama/TO",-8.971680,-48.188300,103930.6
5122,"Pedro Afonso/TO",-8.970340,-48.172900,103932.3
5123,"Bom Jesus do Tocantins/TO",-8.963060,-48.165000,103933.5
5124,"Rio Sono/TO",-9.350020,-47.888000,103986.2
5125,"Centenário/TO",-8.961030,-47.330400,104061.2
5126,"Recursolândia/TO",-8.722700,-47.242100,104089.4
5127,"Santa Maria do Tocantins/TO",-8.804600,-47.788700,104150.1
5128,"Itacajá/TO",-8.392930,-47.772600,104195.9
5129,"Tupiratins/TO",-8.393880,-48.127700,104235.0
5130,"Itapiratins/TO",-8.379820,-48.107200,104237.7
5131,"Palmeirante/TO",-7.847860,-47.924200,104300.2
5132,"Barra do Ouro/TO",-7.695930,-47.677600,104332.2
5133,"Goiatins/TO",-7.714780,-47.325200,104371.1
5134,"Carolina/MA",-7.335840,-47.463400,104415.9
5135,"Filadélfia/TO",-7.335010,-47.495400,104419.5
5136,"Babaçulândia/TO",-7.209230,-47.761300,104451.9
5137,"Araguaína/TO",-7.192380,-48.204400,104500.9
5138,"Carmolândia/TO",-7.032620,-48.397800,104528.6
5139,"Aragominas/TO",-7.160050,-48.529100,104548.9
5140,"Muricilândia/TO",-7.146690,-48.609100,104557.8
5141,"Santa Fé do Araguaia/TO",-7.158030,-48.716500,104569.8
5142,"Nova Olinda/TO",-7.631710,-48.425200,104631.5
5143,"Bandeirantes do Tocantins/TO",-7.756120,-48.583600,104653.7
5144,"Colinas do Tocantins/TO",-8.057640,-48.475700,104689.3
5145,"Brasilândia do Tocantins/TO",-8.389180,-48.482200,104726.2
5146,"Presidente Kennedy/TO",-8.540600,-48.506200,104743.2
5147,"Itaporã do Tocantins/TO",-8.571720,-48.689500,104763.7
5148,"Colméia/TO",-8.724630,-48.763800,104782.5
5149,"Goianorte/TO",-8.774130,-48.931300,104801.7
5150,"Pequizeiro/TO",-8.593200,-48.932700,104821.9
5151,"Couto Magalhães/TO",-8.284110,-49.247300,104870.6
5152,"Conceição do Araguaia/PA",-8.261360,-49.268900,104874.1
5153,"Juarina/TO",-8.119510,-49.064300,104901.6
5154,"Bernardo Sayão/TO",-7.874810,-48.889300,104934.9
5155,"Arapoema/TO",-7.654630,-49.063700,104966.1
5156,"Pau D'Arco/TO",-7.539190,-49.367000,105001.9
5157,"Floresta do Araguaia/PA",-7.553350,-49.712500,105040.0
5158,"Redenção/PA",-8.025290,-50.031700,105103.2
5159,"Cumaru do Norte/PA",-7.810970,-50.769800,105187.9
5160,"São Félix do Xingu/PA",-6.642540,-51.990400,105375.0
5161,"Tucumã/PA",-6.746870,-51.162600,105467.1
5162,"Ourilândia do Norte/PA",-6.752900,-51.085800,105475.6
5163,"Água Azul do Norte/PA",-6.790530,-50.479100,105542.8
5164,"Bannach/PA",-7.347790,-50.395900,105605.4
5165,"Rio Maria/PA",-7.312360,-50.037900,105645.1
5166,"Xinguara/PA",-7.098300,-49.943700,105671.0
5167,"Sapucaia/PA",-6.940180,-49.683400,105704.7
5168,"Canaã dos Carajás/PA",-6.496590,-49.877600,105758.5
5169,"Parauapebas/PA",-6.067810,-49.903700,105806.3
5170,"Curionópolis/PA",-6.099650,-49.606800,105839.3
5171,"Eldorado do Carajás/PA",-6.103890,-49.355300,105867.1
5172,"Marabá/PA",-5.380750,-49.132700,105951.2
5173,"Itupiranga/PA",-5.132720,-49.335800,105986.8
5174,"Nova Ipixuna/PA",-4.916220,-49.082200,106023.8
5175,"Jacundá/PA",-4.446170,-49.115300,106076.2
5176,"Bom Jesus do Tocantins/PA",-5.042400,-48.604700,106163.3
5177,"São Pedro da Água Branca/MA",-5.084720,-48.429100,106183.4
5178,"Abel Figueiredo/PA",-4.953330,-48.393300,106198.5
5179,"Rondon do Pará/PA",-4.777930,-48.067000,106239.6
5180,"Cidelândia/MA",-5.174650,-47.778100,106294.1
5181,"Açailândia/MA",-4.947140,-47.500400,106333.9
5182,"São Francisco do Brejão/MA",-5.125840,-47.389000,106357.3
5183,"Senador La Rocque/MA",-5.446100,-47.295900,106394.4
5184,"João Lisboa/MA",-5.443630,-47.406400,106406.6
5185,"Davinópolis/MA",-5.546370,-47.421700,106418.1
5186,"Imperatriz/MA",-5.518470,-47.477700,106425.1
5187,"São Miguel do Tocantins/TO",-5.563050,-47.574300,106436.9
5188,"Sítio Novo do Tocantins/TO",-5.601200,-47.638100,106445.1
5189,"Axixá do Tocantins/TO",-5.612750,-47.770100,106459.8
5190,"Augustinópolis/TO",-5.468630,-47.886300,106480.3
5191,"Praia Norte/TO",-5.392810,-47.811100,106492.2
5192,"Sampaio/TO",-5.354230,-47.878200,106500.7
5193,"Carrasco Bonito/TO",-5.314150,-48.031400,106518.3
5194,"Vila Nova dos Martírios/MA",-5.188890,-48.133600,106536.2
5195,"São Sebastião do Tocantins/TO",-5.261310,-48.202100,106547.3
5196,"Buriti do Tocantins/TO",-5.314480,-48.227100,106553.8
5197,"Esperantina/TO",-5.365930,-48.537800,106588.7
5198,"São João do Araguaia/PA",-5.363340,-48.792600,106616.9
5199,"São Domingos do Araguaia/PA",-5.537320,-48.736600,106637.2
5200,"Brejo Grande do Araguaia/PA",-5.698220,-48.410300,106677.5
5201,"Palestina do Pará/PA",-5.740270,-48.318100,106688.7
5202,"Araguatins/TO",-5.646590,-48.123200,106712.7
5203,"São Bento do Tocantins/TO",-6.025800,-47.901200,106761.5
5204,"Cachoeirinha/TO",-6.115600,-47.923400,106771.7
5205,"Luzinópolis/TO",-6.177940,-47.858200,106781.7
5206,"Nazaré/TO",-6.374960,-47.664300,106812.4
5207,"Santa Terezinha do Tocantins/TO",-6.444380,-47.668400,106820.1
5208,"Angico/TO",-6.391790,-47.861100,106842.2
5209,"Ananás/TO",-6.364370,-48.073500,106865.9
5210,"Riachinho/TO",-6.440050,-48.137100,106876.8
5211,"Xambioá/TO",-6.414100,-48.532000,106920.6
5212,"São Geraldo do Araguaia/PA",-6.394710,-48.559200,106924.3
5213,"Piçarra/PA",-6.437780,-48.871600,106959.1
5214,"Araguanã/TO",-6.582250,-48.639500,106989.4
5215,"Piraquê/TO",-6.773020,-48.295800,107032.9
5216,"Wanderlândia/TO",-6.852740,-47.960100,107071.0
5217,"Darcinópolis/TO",-6.715910,-47.759700,107097.8
5218,"Palmeiras do Tocantins/TO",-6.616580,-47.546400,107123.8
5219,"Aguiarnópolis/TO",-6.554090,-47.470200,107134.8
5220,"Estreito/MA",-6.560770,-47.443100,107137.8
5221,"Porto Franco/MA",-6.341490,-47.396200,107162.8
5222,"Tocantinópolis/TO",-6.324470,-47.422400,107166.2
5223,"Campestre do Maranhão/MA",-6.170750,-47.362500,107184.6
5224,"Ribamar Fiquene/MA",-5.930670,-47.388800,107211.4
5225,"Maurilândia do Tocantins/TO",-5.951690,-47.512500,107225.3
5226,"Itaguatins/TO",-5.772670,-47.486400,107245.4
5227,"Governador Edison Lobão/MA",-5.749730,-47.364600,107259.1
5228,"Montes Altos/MA",-5.830670,-47.067300,107293.2
5229,"Buritirana/MA",-5.598230,-47.013100,107319.8
5230,"Amarante do Maranhão/MA",-5.569130,-46.747300,107349.3
5231,"Sítio Novo/MA",-5.876010,-46.703300,107383.8
5232,"Lajeado Novo/MA",-6.185390,-47.029300,107433.6
5233,"São João do Paraíso/MA",-6.456340,-47.059400,107464.0
5234,"São Pedro dos Crentes/MA",-6.823890,-46.531900,107535.1
5235,"Feira Nova do Maranhão/MA",-6.965080,-46.678600,107557.7
5236,"Riachão/MA",-7.358190,-46.622500,107601.8
5237,"Campos Lindos/TO",-7.989560,-46.864500,107676.9
5238,"Balsas/MA",-7.532140,-46.037200,107781.3
5239,"Nova Colinas/MA",-7.122630,-46.260700,107833.1
5240,"Fortaleza dos Nogueiras/MA",-6.959830,-46.174900,107853.5
5241,"Formosa da Serra Negra/MA",-6.440170,-46.191600,107911.3
5242,"Grajaú/MA",-5.813670,-46.146200,107981.2
5243,"Jenipapo dos Vieiras/MA",-5.362370,-45.635600,108056.7
5244,"Itaipava do Grajaú/MA",-5.142520,-45.787700,108086.4
5245,"Arame/MA",-4.883470,-46.003200,108123.8
5246,"Buriticupu/MA",-4.323750,-46.440900,108202.8
5247,"Bom Jesus das Selvas/MA",-4.476380,-46.864100,108252.6
5248,"Itinga do Maranhão/MA",-4.452930,-47.523500,108325.8
5249,"Dom Eliseu/PA",-4.199440,-47.824500,108369.5
5250,"Ulianópolis/PA",-3.750070,-47.489200,108431.8
5251,"São João do Carú/MA",-3.550300,-46.250700,108571.0
5252,"Alto Alegre do Pindaré/MA",-3.666890,-45.842100,108618.1
5253,"Tufilândia/MA",-3.673550,-45.623800,108642.4
5254,"Bom Jardim/MA",-3.541290,-45.606000,108657.2
5255,"Governador Newton Bello/MA",-3.432450,-45.661900,108670.8
5256,"Zé Doca/MA",-3.270140,-45.655300,108688.9
5257,"Araguanã/MA",-2.946440,-45.658900,108724.9
5258,"Nova Olinda do Maranhão/MA",-2.842270,-45.695300,108737.1
5259,"Santa Luzia do Paruá/MA",-2.511230,-45.780100,108775.1
5260,"Presidente Médici/MA",-2.389910,-45.820000,108789.3
5261,"Centro do Guilherme/MA",-2.448910,-46.034500,108814.1
5262,"Maranhãozinho/MA",-2.240780,-45.850700,108844.9
5263,"Governador Nunes Freire/MA",-2.128990,-45.877700,108857.7
5264,"Maracaçumé/MA",-2.049180,-45.958700,108870.4
5265,"Centro Novo do Maranhão/MA",-2.126960,-46.122800,108890.5
5266,"Junco do Maranhão/MA",-1.838880,-46.090000,108922.8
5267,"Amapá do Maranhão/MA",-1.675240,-46.002400,108943.4
5268,"Boa Vista do Gurupi/MA",-1.776140,-46.300200,108978.4
5269,"Cachoeira do Piriá/PA",-1.759740,-46.545900,109005.7
5270,"Santa Luzia do Pará/PA",-1.521470,-46.900800,109053.2
5271,"Pau d'Arco/PA",-1.597720,-46.926800,109062.2
5272,"Ourém/PA",-1.541680,-47.112600,109083.8
5273,"Capitão Poço/PA",-1.747850,-47.062900,109107.4
5274,"Garrafão do Norte/PA",-1.929860,-47.050500,109127.6
5275,"Nova Esperança do Piriá/PA",-2.266930,-46.973100,109166.1
5276,"Paragominas/PA",-3.002120,-47.352700,109258.1
5277,"Ipixuna do Pará/PA",-2.559920,-47.505900,109310.1
5278,"Aurora do Pará/PA",-2.148980,-47.567700,109356.3
5279,"Mãe do Rio/PA",-2.056830,-47.560100,109366.6
5280,"Irituia/PA",-1.769840,-47.446000,109400.9
5281,"São Miguel do Guamá/PA",-1.613070,-47.478400,109418.7
5282,"Bonito/PA",-1.367450,-47.306600,109452.1
5283,"Capanema/PA",-1.205290,-47.177800,109475.1
5284,"Peixe-Boi/PA",-1.193820,-47.324000,109491.4
5285,"Nova Timboteua/PA",-1.208740,-47.392100,109499.1
5286,"Santa Maria do Pará/PA",-1.353920,-47.571200,109524.8
5287,"Igarapé-Açu/PA",-1.125390,-47.626000,109550.9
5288,"São Francisco do Pará/PA",-1.169630,-47.791700,109570.0
5289,"Terra Alta/PA",-1.029630,-47.900400,109589.7
5290,"Castanhal/PA",-1.297970,-47.916700,109619.6
5291,"Inhangapi/PA",-1.434900,-47.911400,109634.8
5292,"Bujaru/PA",-1.517620,-48.038100,109651.6
5293,"São Domingos do Capim/PA",-1.687680,-47.766500,109687.3
5294,"Concórdia do Pará/PA",-1.992380,-47.942200,109726.4
5295,"Tomé-Açu/PA",-2.413020,-48.141500,109778.1
5296,"Acará/PA",-1.953830,-48.198500,109829.6
5297,"Moju/PA",-1.889930,-48.766800,109893.1
5298,"Igarapé-Miri/PA",-1.975330,-48.957500,109916.3
5299,"Abaetetuba/PA",-1.721830,-48.878800,109945.9
5300,"Barcarena/PA",-1.511870,-48.619500,109982.9
5301,"Ponta de Pedras/PA",-1.395870,-48.866100,110013.2
5302,"Cachoeira do Arari/PA",-1.012260,-48.950300,110056.9
5303,"Santa Cruz do Arari/PA",-0.661019,-49.177100,110103.4
5304,"Anajás/PA",-0.996811,-49.935400,110195.6
5305,"Chaves/PA",-0.164154,-49.987000,110288.4
5306,"Afuá/PA",-0.154874,-50.386100,110332.8
5307,"Itaubal/AP",0.602185,-50.699600,110423.9
5308,"Cutias/AP",0.970761,-50.800500,110466.4
5309,"Tartarugalzinho/AP",1.506520,-50.908700,110527.1
5310,"Pracuúba/AP",1.745430,-50.789200,110556.8
5311,"Amapá/AP",2.052670,-50.795700,110591.0
5312,"Calçoene/AP",2.504750,-50.951200,110644.2
5313,"Oiapoque/AP",3.840740,-51.833100,110822.1
5314,"Serra do Navio/AP",0.901357,-52.003600,111149.5
5315,"Pedra Branca do Amapari/AP",0.777424,-51.950300,111164.5
5316,"Porto Grande/AP",0.712430,-51.415500,111224.4
5317,"Ferreira Gomes/AP",0.857256,-51.179500,111255.2
5318,"Macapá/AP",0.034934,-51.069400,111347.4
5319,"Santana/AP",-0.045434,-51.172900,111362.0
5320,"Mazagão/AP",-0.113360,-51.289100,111377.0
5321,"Laranjal do Jari/AP",-0.804911,-52.453000,111527.5
5322,"Vitória do Jari/AP",-0.938000,-52.424000,111542.6
5323,"Almeirim/PA",-1.529040,-52.578800,111610.6
5324,"Porto de Moz/PA",-1.746910,-52.236100,111655.7
5325,"Gurupá/PA",-1.414120,-51.633800,111732.2
5326,"Portel/PA",-1.936390,-50.819400,111839.8
5327,"Melgaço/PA",-1.803200,-50.714900,111858.6
5328,"Breves/PA",-1.680360,-50.479100,111888.1
5329,"Bagre/PA",-1.900570,-50.198700,111927.8
5330,"Oeiras do Pará/PA",-2.003580,-49.862800,111966.8
5331,"Curralinho/PA",-1.811790,-49.795200,111989.4
5332,"São Sebastião da Boa Vista/PA",-1.715970,-49.524900,112021.3
5333,"Muaná/PA",-1.539360,-49.222400,112060.2
5334,"Limoeiro do Ajuru/PA",-1.898500,-49.390300,112104.3
5335,"Cametá/PA",-2.242950,-49.497900,112144.4
5336,"Mocajuba/PA",-2.583100,-49.504200,112182.3
5337,"Baião/PA",-2.790210,-49.669400,112211.7
5338,"Tailândia/PA",-2.945840,-48.948900,112293.6
5339,"Goianésia do Pará/PA",-3.843380,-49.097400,112394.7
5340,"Breu Branco/PA",-3.771910,-49.573500,112448.2
5341,"Tucuruí/PA",-3.765700,-49.677300,112459.7
5342,"Novo Repartimento/PA",-4.247490,-49.949900,112521.2
5343,"Pacajá/PA",-3.835420,-50.639900,112610.4
5344,"Senador José Porfírio/PA",-4.312420,-51.576400,112727.0
5345,"Anapu/PA",-3.469850,-51.200300,112829.6
5346,"Vitória do Xingu/PA",-2.879220,-52.008800,112940.8
5347,"Altamira/PA",-3.204070,-52.210000,112983.3
5348,"Brasil Novo/PA",-3.297920,-52.534000,113020.7
5349,"Medicilândia/PA",-3.446370,-52.887500,113063.3
5350,"Uruará/PA",-3.715190,-53.739600,113162.5
5351,"Placas/PA",-3.868130,-54.212400,113217.6
5352,"Rurópolis/PA",-4.100280,-54.909200,113299.1
5353,"Trairão/PA",-4.573470,-55.942900,113425.2
5354,"Itaituba/PA",-4.266700,-55.992600,113459.8
5355,"Aveiro/PA",-3.608410,-55.319900,113564.3
5356,"Belterra/PA",-2.636090,-54.937400,113680.5
5357,"Mojuí dos Campos/PA",-2.682200,-54.642500,113713.6
5358,"Santarém/PA",-2.438490,-54.699600,113741.5
5359,"Monte Alegre/PA",-1.997680,-54.072400,113826.7
5360,"Prainha/PA",-1.798000,-53.477900,113896.4
5361,"Alenquer/PA",-1.946230,-54.738400,114037.4
5362,"Curuá/PA",-1.887750,-55.116800,114080.0
5363,"Óbidos/PA",-1.901070,-55.520800,114124.9
5364,"Oriximiná/PA",-1.759890,-55.857900,114165.5
5365,"Juruti/PA",-2.163470,-56.088900,114217.2
5366,"Terra Santa/PA",-2.104430,-56.487700,114262.0
5367,"Faro/PA",-2.168050,-56.740500,114291.0
5368,"Nhamundá/AM",-2.207930,-56.711200,114296.5
5369,"Parintins/AM",-2.637410,-56.729000,114344.3
5370,"Barreirinha/AM",-2.798860,-57.067900,114386.0
5371,"Maués/AM",-3.392890,-57.706700,114482.9
5372,"Boa Vista do Ramos/AM",-2.974090,-57.587300,114531.3
5373,"Urucará/AM",-2.529360,-57.753800,114584.1
5374,"São Sebastião do Uatumã/AM",-2.559150,-57.873100,114597.8
5375,"Itapiranga/AM",-2.740810,-58.029300,114624.4
5376,"Silves/AM",-2.817480,-58.248000,114650.2
5377,"Urucurituba/AM",-3.128410,-58.149600,114686.4
5378,"Itacoatiara/AM",-3.138610,-58.444900,114719.2
5379,"Autazes/AM",-3.585740,-59.125600,114809.7
5380,"Nova Olinda do Norte/AM",-3.900370,-59.094000,114844.8
5381,"Borba/AM",-4.391540,-59.587400,114922.1
5382,"Novo Aripuanã/AM",-5.125930,-60.373200,115041.5
5383,"Manicoré/AM",-5.804620,-61.289500,115167.9
5384,"Apuí/AM",-7.194090,-59.896000,115386.0
5385,"Jacareacanga/PA",-6.214690,-57.754400,115646.4
5386,"Novo Progresso/PA",-7.143470,-55.378600,115928.4
5387,"Paranaíta/MT",-9.658350,-56.478600,116233.1
5388,"Alta Floresta/MT",-9.866740,-56.086700,116281.9
5389,"Carlinda/MT",-9.949120,-55.841700,116310.2
5390,"Novo Mundo/MT",-9.956160,-55.202900,116380.2
5391,"Guarantã do Norte/MT",-9.962180,-54.912100,116412.1
5392,"Matupá/MT",-10.182100,-54.946700,116436.8
5393,"Peixoto de Azevedo/MT",-10.226200,-54.979400,116442.9
5394,"Nova Guarita/MT",-10.312000,-55.406100,116490.5
5395,"Terra Nova do Norte/MT",-10.517000,-55.231000,116520.3
5396,"Nova Santa Helena/MT",-10.865100,-55.187200,116559.3
5397,"Itaúba/MT",-11.061400,-55.276600,116583.2
5398,"Colíder/MT",-10.813500,-55.461000,116617.3
5399,"Nova Canaã do Norte/MT",-10.558000,-55.953000,116678.2
5400,"Tabaporã/MT",-11.300700,-56.831200,116804.7
5401,"Novo Horizonte do Norte/MT",-11.408900,-57.348800,116862.4
5402,"Porto dos Gaúchos/MT",-11.533000,-57.413200,116877.9
5403,"Juara/MT",-11.263900,-57.524400,116910.2
5404,"Nova Monte Verde/MT",-9.999980,-57.526100,117050.7
5405,"Apiacás/MT",-9.539810,-57.458700,117102.4
5406,"Nova Bandeirantes/MT",-9.849770,-57.813900,117154.4
5407,"Juruena/MT",-10.317800,-58.359200,117233.6
5408,"Cotriguaçu/MT",-9.856560,-58.419200,117285.3
5409,"Colniza/MT",-9.461210,-59.225200,117384.0
5410,"Aripuanã/MT",-10.172300,-59.456800,117467.0
5411,"Castanheira/MT",-11.125100,-58.608100,117607.8
5412,"Juína/MT",-11.372800,-58.748300,117639.3
5413,"Brasnorte/MT",-12.147400,-57.983300,117759.1
5414,"Sapezal/MT",-12.989200,-58.764500,117885.4
5415,"Campo Novo do Parecis/MT",-13.658700,-57.890700,118005.8
5416,"Reserva do Cabaçal/MT",-15.074300,-58.458500,118174.6
5417,"Salto do Céu/MT",-15.130300,-58.131700,118210.3
5418,"Rio Branco/MT",-15.248300,-58.125900,118223.4
5419,"Lambari D'Oeste/MT",-15.318800,-58.004600,118238.6
5420,"Curvelândia/MT",-15.608400,-57.913300,118272.3
5421,"Mirassol d'Oeste/MT",-15.675900,-58.095100,118293.1
5422,"São José dos Quatro Marcos/MT",-15.627600,-58.177200,118303.4
5423,"Glória D'Oeste/MT",-15.768000,-58.310800,118324.6
5424,"Porto Esperidião/MT",-15.857000,-58.461900,118343.5
5425,"Araputanga/MT",-15.464100,-58.342500,118389.1
5426,"Indiavaí/MT",-15.492100,-58.580200,118414.7
5427,"Figueirópolis D'Oeste/MT",-15.443900,-58.739100,118432.6
5428,"Jauru/MT",-15.334200,-58.872300,118451.4
5429,"Vale de São Domingos/MT",-15.286000,-59.068300,118473.1
5430,"Pontes e Lacerda/MT",-15.221900,-59.343500,118503.4
5431,"Vila Bela da Santíssima Trindade/MT",-15.006800,-59.950400,118572.8
5432,"Conquista D'Oeste/MT",-14.538100,-59.544400,118640.8
5433,"Nova Lacerda/MT",-14.472700,-59.600100,118650.2
5434,"Campos de Júlio/MT",-13.724200,-59.285800,118740.1
5435,"Comodoro/MT",-13.661400,-59.784800,118794.5
5436,"Vilhena/RO",-12.750200,-60.148800,118903.2
5437,"Colorado do Oeste/RO",-13.117400,-60.545400,118962.5
5438,"Cabixi/RO",-13.494500,-60.552000,119004.4
5439,"Pimenteiras do Oeste/RO",-13.482300,-61.047100,119058.0
5440,"Cerejeiras/RO",-13.187000,-60.816800,119099.2
5441,"Corumbiara/RO",-12.955100,-60.894700,119126.3
5442,"Chupinguaia/RO",-12.561100,-60.887700,119170.1
5443,"Parecis/RO",-12.175400,-61.603200,119258.9
5444,"Alto Alegre dos Parecis/RO",-12.132000,-61.835000,119284.5
5445,"Alta Floresta D'Oeste/RO",-11.928300,-61.995300,119313.1
5446,"Novo Horizonte do Oeste/RO",-11.696100,-61.995100,119338.9
5447,"Rolim de Moura/RO",-11.727100,-61.771400,119363.5
5448,"Santa Luzia D'Oeste/RO",-11.907400,-61.777700,119383.6
5449,"São Felipe D'Oeste/RO",-11.902300,-61.502600,119413.5
5450,"Primavera de Rondônia/RO",-11.829500,-61.315300,119435.5
5451,"Pimenta Bueno/RO",-11.672000,-61.198000,119457.1
5452,"Espigão D'Oeste/RO",-11.526600,-61.025200,119482.0
5453,"Cacoal/RO",-11.434300,-61.456200,119530.0
5454,"Ministro Andreazza/RO",-11.196000,-61.517400,119557.4
5455,"Rondolândia/MT",-10.837600,-61.469700,119597.5
5456,"Ji-Paraná/RO",-10.877700,-61.932200,119648.2
5457,"Presidente Médici/RO",-11.169000,-61.898600,119680.8
5458,"Castanheiras/RO",-11.425300,-61.948200,119709.9
5459,"Alvorada D'Oeste/RO",-11.346300,-62.284700,119747.6
5460,"Nova Brasilândia D'Oeste/RO",-11.724700,-62.312700,119789.8
5461,"São Miguel do Guaporé/RO",-11.695300,-62.719200,119834.1
5462,"Seringueiras/RO",-11.805500,-63.018200,119868.9
5463,"São Francisco do Guaporé/RO",-12.052000,-63.568000,119934.7
5464,"Costa Marques/RO",-12.436700,-64.228000,120018.2
5465,"Guajará-Mirim/RO",-10.788900,-65.329600,120237.2
5466,"Nova Mamoré/RO",-10.407700,-65.334600,120279.6
5467,"Buritis/RO",-10.194300,-63.832400,120445.7
5468,"Campo Novo de Rondônia/RO",-10.571200,-63.626600,120493.2
5469,"Monte Negro/RO",-10.245800,-63.290000,120544.9
5470,"Cacaulândia/RO",-10.349000,-62.904300,120588.6
5471,"Governador Jorge Teixeira/RO",-10.610000,-62.737100,120622.9
5472,"Nova União/RO",-10.906800,-62.556400,120661.3
5473,"Mirante da Serra/RO",-11.029000,-62.669600,120679.7
5474,"Urupá/RO",-11.126100,-62.363900,120714.8
5475,"Teixeirópolis/RO",-10.905600,-62.242000,120742.7
5476,"Ouro Preto do Oeste/RO",-10.716700,-62.256500,120763.7
5477,"Vale do Paraíso/RO",-10.446500,-62.135200,120796.6
5478,"Jaru/RO",-10.431800,-62.478800,120834.2
5479,"Theobroma/RO",-10.248300,-62.353800,120858.8
5480,"Vale do Anari/RO",-9.862150,-62.187600,120905.4
5481,"Machadinho D'Oeste/RO",-9.443630,-61.981800,120957.1
5482,"Cujubim/RO",-9.360650,-62.584600,121023.9
5483,"Rio Crespo/RO",-9.699650,-62.901100,121075.1
5484,"Ariquemes/RO",-9.905710,-63.032500,121102.2
5485,"Alto Paraíso/RO",-9.714290,-63.318800,121140.1
5486,"Itapuã do Oeste/RO",-9.196870,-63.180900,121199.6
5487,"Candeias do Jamari/RO",-8.790700,-63.700500,121272.3
5488,"Porto Velho/RO",-8.760770,-63.899900,121294.5
5489,"Humaitá/AM",-7.511710,-63.032700,121463.0
5490,"Lábrea/AM",-7.264130,-64.794800,121659.3
5491,"Canutama/AM",-6.525820,-64.395300,121752.5
5492,"Tapauá/AM",-5.620850,-63.180800,121920.3
5493,"Coari/AM",-4.094120,-63.144100,122090.1
5494,"Codajás/AM",-3.830530,-62.065800,122213.3
5495,"Anori/AM",-3.746030,-61.657500,122259.5
5496,"Beruri/AM",-3.898740,-61.361600,122296.5
5497,"Anamã/AM",-3.566970,-61.396300,122333.6
5498,"Caapiranga/AM",-3.315370,-61.220600,122367.7
5499,"Novo Airão/AM",-2.636370,-60.943400,122449.2
5500,"Manacapuru/AM",-3.290660,-60.621600,122530.3
5501,"Manaquiri/AM",-3.440780,-60.461200,122554.7
5502,"Careiro/AM",-3.768030,-60.369000,122592.5
5503,"Iranduba/AM",-3.274790,-60.190000,122650.8
5504,"Manaus/AM",-3.118660,-60.021200,122676.4
5505,"Careiro da Várzea/AM",-3.314000,-59.555700,122732.4
5506,"Rio Preto da Eva/AM",-2.704500,-59.685800,122801.7
5507,"Presidente Figueiredo/AM",-2.029810,-60.023400,122885.6
5508,"Caroebe/RR",0.884203,-59.695900,123211.6
5509,"São João da Baliza/RR",0.951659,-59.913300,123237.0
5510,"São Luiz/RR",1.010190,-60.041900,123252.7
5511,"Rorainópolis/RR",0.939956,-60.438900,123297.5
5512,"Cantá/RR",2.609940,-60.605800,123484.1
5513,"Boa Vista/RR",2.823840,-60.675300,123509.1
5514,"Bonfim/RR",3.361610,-59.833300,123620.1
5515,"Normandia/RR",3.885300,-59.620400,123682.9
5516,"Uiramutã/RR",4.603140,-60.181500,123784.1
5517,"Pacaraima/RR",4.479900,-61.147700,123892.1
5518,"Amajari/RR",3.645710,-61.369200,123988.1
5519,"Alto Alegre/RR",2.988580,-61.307200,124061.5
5520,"Mucajaí/RR",2.439980,-60.909600,124136.8
5521,"Iracema/RR",2.183050,-61.041500,124168.9
5522,"Caracaraí/RR",1.827660,-61.130400,124209.6
5523,"Barcelos/AM",-0.983373,-62.931100,124580.8
5524,"Santa Isabel do Rio Negro/AM",-0.410824,-65.009200,124820.5
5525,"Maraã/AM",-1.853130,-65.573000,124992.7
5526,"Fonte Boa/AM",-2.523420,-66.094200,125087.0
5527,"Uarini/AM",-2.996090,-65.113300,125208.0
5528,"Alvarães/AM",-3.227270,-64.800700,125251.2
5529,"Tefé/AM",-3.368220,-64.719300,125269.3
5530,"Juruá/AM",-3.484380,-66.071800,125420.0
5531,"Carauari/AM",-4.881610,-66.908600,125600.9
5532,"Itamarati/AM",-6.438520,-68.243700,125828.5
5533,"Pauini/AM",-7.713110,-66.992000,126026.4
5534,"Boca do Acre/AM",-8.742320,-67.391900,126149.0
5535,"Porto Acre/AC",-9.581380,-67.547800,126243.9
5536,"Acrelândia/AC",-9.825810,-66.897200,126320.2
5537,"Plácido de Castro/AC",-10.280600,-67.137100,126377.2
5538,"Capixaba/AC",-10.566000,-67.686000,126445.1
5539,"Senador Guiomard/AC",-10.149700,-67.736200,126491.7
5540,"Rio Branco/AC",-9.974990,-67.824300,126513.4
5541,"Bujari/AC",-9.815280,-67.955000,126536.2
5542,"Xapuri/AC",-10.651600,-68.496900,126646.5
5543,"Epitaciolândia/AC",-11.018800,-68.734100,126694.8
5544,"Brasiléia/AC",-10.995000,-68.749700,126698.0
5545,"Assis Brasil/AC",-10.929800,-69.573800,126788.2
5546,"Sena Madureira/AC",-9.065960,-68.657100,127018.5
5547,"Manoel Urbano/AC",-8.832910,-69.267900,127090.4
5548,"Santa Rosa do Purus/AC",-9.446520,-70.490200,127241.0
5549,"Jordão/AC",-9.190800,-71.950300,127403.7
5550,"Marechal Thaumaturgo/AC",-8.938980,-72.799700,127501.1
5551,"Porto Walter/AC",-8.263230,-72.753700,127576.4
5552,"Rodrigues Alves/AC",-7.738640,-72.661000,127635.6
5553,"Mâncio Lima/AC",-7.616570,-72.899700,127665.2
5554,"Cruzeiro do Sul/AC",-7.627620,-72.675600,127689.9
5555,"Guajará/AM",-7.537970,-72.590700,127703.6
5556,"Ipixuna/AM",-7.047910,-71.693400,127816.6
5557,"Tarauacá/AC",-8.156970,-70.772200,127976.3
5558,"Feijó/AC",-8.170540,-70.351000,128022.7
5559,"Envira/AM",-7.437890,-70.028100,128111.6
5560,"Eirunepé/AM",-6.656770,-69.866200,128200.3
5561,"Atalaia do Norte/AM",-4.370550,-70.196700,128457.1
5562,"Benjamin Constant/AM",-4.377680,-70.034200,128475.1
5563,"Tabatinga/AM",-4.241600,-69.938300,128493.6
5564,"São Paulo de Olivença/AM",-3.472920,-68.964600,128631.4
5565,"Amaturá/AM",-3.374550,-68.200500,128716.9
5566,"Santo Antônio do Içá/AM",-3.095440,-67.946300,128758.9
5567,"Tonantins/AM",-2.865820,-67.791900,128789.6
5568,"Jutaí/AM",-2.758140,-66.759500,128904.9
5569,"Japurá/AM",-1.882370,-66.929100,129004.1
5570,"São Gabriel da Cachoeira/AM",-0.119090,-67.084000,129200.9
